ID1	ID2
MI0001519	MI0000071
MI0001519	MI0001518
MI0001519	MI0000095
MI0001519	MI0000734
MI0001519	MI0000072
MI0001519	MI0000113
MI0001519	MI0000076
MI0000071	MI0001518
MI0000071	MI0000095
MI0000071	MI0000734
MI0000071	MI0000072
MI0000071	MI0000113
MI0000071	MI0000076
MI0001518	MI0000095
MI0001518	MI0000734
MI0001518	MI0000072
MI0001518	MI0000113
MI0001518	MI0000076
MI0000095	MI0000734
MI0000095	MI0000072
MI0000095	MI0000113
MI0000095	MI0000076
MI0000734	MI0000072
MI0000734	MI0000113
MI0000734	MI0000076
MI0000072	MI0000113
MI0000072	MI0000076
MI0000113	MI0000076
MI0000068	MI0000067
MI0000068	MI0000066
MI0000068	MI0000064
MI0000068	MI0000434
MI0000068	MI0000061
MI0000068	MI0000062
MI0000068	MI0000433
MI0000068	MI0000060
MI0000068	MI0000065
MI0000068	MI0000100
MI0000068	MI0000063
MI0000067	MI0000066
MI0000067	MI0000064
MI0000067	MI0000434
MI0000067	MI0000061
MI0000067	MI0000062
MI0000067	MI0000433
MI0000067	MI0000060
MI0000067	MI0000065
MI0000067	MI0000100
MI0000067	MI0000063
MI0000066	MI0000064
MI0000066	MI0000434
MI0000066	MI0000061
MI0000066	MI0000062
MI0000066	MI0000433
MI0000066	MI0000060
MI0000066	MI0000065
MI0000066	MI0000100
MI0000066	MI0000063
MI0000064	MI0000434
MI0000064	MI0000061
MI0000064	MI0000062
MI0000064	MI0000433
MI0000064	MI0000060
MI0000064	MI0000065
MI0000064	MI0000100
MI0000064	MI0000063
MI0000434	MI0000061
MI0000434	MI0000062
MI0000434	MI0000433
MI0000434	MI0000060
MI0000434	MI0000065
MI0000434	MI0000100
MI0000434	MI0000063
MI0000061	MI0000062
MI0000061	MI0000433
MI0000061	MI0000060
MI0000061	MI0000065
MI0000061	MI0000100
MI0000061	MI0000063
MI0000062	MI0000433
MI0000062	MI0000060
MI0000062	MI0000065
MI0000062	MI0000100
MI0000062	MI0000063
MI0000433	MI0000060
MI0000433	MI0000065
MI0000433	MI0000100
MI0000433	MI0000063
MI0000060	MI0000065
MI0000060	MI0000100
MI0000060	MI0000063
MI0000065	MI0000100
MI0000065	MI0000063
MI0000100	MI0000063
MI0000749	MI0000441
MI0000749	MI0000736
MI0000749	MI0000255
MI0000749	MI0000254
MI0000749	MI0000088
MI0000441	MI0000736
MI0000441	MI0000255
MI0000441	MI0000254
MI0000441	MI0000088
MI0000736	MI0000255
MI0000736	MI0000254
MI0000736	MI0000088
MI0000255	MI0000254
MI0000255	MI0000088
MI0000254	MI0000088
MI0000489	MI0000115
MI0000489	MI0000438
MI0000489	MI0000069
MI0000489	MI0000070
MI0000115	MI0000438
MI0000115	MI0000069
MI0000115	MI0000070
MI0000438	MI0000069
MI0000438	MI0000070
MI0000069	MI0000070
MI0000270	MI0000289
MI0000270	MI0000271
MI0000270	MI0000269
MI0000270	MI0000683
MI0000270	MI0003139
MI0000289	MI0000271
MI0000289	MI0000269
MI0000289	MI0000683
MI0000289	MI0003139
MI0000271	MI0000269
MI0000271	MI0000683
MI0000271	MI0003139
MI0000269	MI0000683
MI0000269	MI0003139
MI0000683	MI0003139
MI0000107	MI0000735
MI0000107	MI0000087
MI0000107	MI0000105
MI0000735	MI0000087
MI0000735	MI0000105
MI0000087	MI0000105
MI0000073	MI0000075
MI0000073	MI0000074
MI0000075	MI0000074
MI0000093	MI0000082
MI0000093	MI0003560
MI0000093	MI0000094
MI0000082	MI0003560
MI0000082	MI0000094
MI0003560	MI0000094
MI0000466	MI0000467
MI0000466	MI0000468
MI0000467	MI0000468
MI0005525	MI0000790
MI0005525	MI0003136
MI0005525	MI0003821
MI0005525	MI0000480
MI0005525	MI0000789
MI0005525	MI0003677
MI0005525	MI0003530
MI0005525	MI0001735
MI0005525	MI0000777
MI0005525	MI0003514
MI0005525	MI0003134
MI0005525	MI0003678
MI0005525	MI0000785
MI0005525	MI0002471
MI0005525	MI0003844
MI0005525	MI0014206
MI0005525	MI0002465
MI0005525	MI0000807
MI0000790	MI0003136
MI0000790	MI0003821
MI0000790	MI0000480
MI0000790	MI0000789
MI0000790	MI0003677
MI0000790	MI0003530
MI0000790	MI0001735
MI0000790	MI0000777
MI0000790	MI0003514
MI0000790	MI0003134
MI0000790	MI0003678
MI0000790	MI0000785
MI0000790	MI0002471
MI0000790	MI0003844
MI0000790	MI0014206
MI0000790	MI0002465
MI0000790	MI0000807
MI0003136	MI0003821
MI0003136	MI0000480
MI0003136	MI0000789
MI0003136	MI0003677
MI0003136	MI0003530
MI0003136	MI0001735
MI0003136	MI0000777
MI0003136	MI0003514
MI0003136	MI0003134
MI0003136	MI0003678
MI0003136	MI0000785
MI0003136	MI0002471
MI0003136	MI0003844
MI0003136	MI0014206
MI0003136	MI0002465
MI0003136	MI0000807
MI0003821	MI0000480
MI0003821	MI0000789
MI0003821	MI0003677
MI0003821	MI0003530
MI0003821	MI0001735
MI0003821	MI0000777
MI0003821	MI0003514
MI0003821	MI0003134
MI0003821	MI0003678
MI0003821	MI0000785
MI0003821	MI0002471
MI0003821	MI0003844
MI0003821	MI0014206
MI0003821	MI0002465
MI0003821	MI0000807
MI0000480	MI0000789
MI0000480	MI0003677
MI0000480	MI0003530
MI0000480	MI0001735
MI0000480	MI0000777
MI0000480	MI0003514
MI0000480	MI0003134
MI0000480	MI0003678
MI0000480	MI0000785
MI0000480	MI0002471
MI0000480	MI0003844
MI0000480	MI0014206
MI0000480	MI0002465
MI0000480	MI0000807
MI0000789	MI0003677
MI0000789	MI0003530
MI0000789	MI0001735
MI0000789	MI0000777
MI0000789	MI0003514
MI0000789	MI0003134
MI0000789	MI0003678
MI0000789	MI0000785
MI0000789	MI0002471
MI0000789	MI0003844
MI0000789	MI0014206
MI0000789	MI0002465
MI0000789	MI0000807
MI0003677	MI0003530
MI0003677	MI0001735
MI0003677	MI0000777
MI0003677	MI0003514
MI0003677	MI0003134
MI0003677	MI0003678
MI0003677	MI0000785
MI0003677	MI0002471
MI0003677	MI0003844
MI0003677	MI0014206
MI0003677	MI0002465
MI0003677	MI0000807
MI0003530	MI0001735
MI0003530	MI0000777
MI0003530	MI0003514
MI0003530	MI0003134
MI0003530	MI0003678
MI0003530	MI0000785
MI0003530	MI0002471
MI0003530	MI0003844
MI0003530	MI0014206
MI0003530	MI0002465
MI0003530	MI0000807
MI0001735	MI0000777
MI0001735	MI0003514
MI0001735	MI0003134
MI0001735	MI0003678
MI0001735	MI0000785
MI0001735	MI0002471
MI0001735	MI0003844
MI0001735	MI0014206
MI0001735	MI0002465
MI0001735	MI0000807
MI0000777	MI0003514
MI0000777	MI0003134
MI0000777	MI0003678
MI0000777	MI0000785
MI0000777	MI0002471
MI0000777	MI0003844
MI0000777	MI0014206
MI0000777	MI0002465
MI0000777	MI0000807
MI0003514	MI0003134
MI0003514	MI0003678
MI0003514	MI0000785
MI0003514	MI0002471
MI0003514	MI0003844
MI0003514	MI0014206
MI0003514	MI0002465
MI0003514	MI0000807
MI0003134	MI0003678
MI0003134	MI0000785
MI0003134	MI0002471
MI0003134	MI0003844
MI0003134	MI0014206
MI0003134	MI0002465
MI0003134	MI0000807
MI0003678	MI0000785
MI0003678	MI0002471
MI0003678	MI0003844
MI0003678	MI0014206
MI0003678	MI0002465
MI0003678	MI0000807
MI0000785	MI0002471
MI0000785	MI0003844
MI0000785	MI0014206
MI0000785	MI0002465
MI0000785	MI0000807
MI0002471	MI0003844
MI0002471	MI0014206
MI0002471	MI0002465
MI0002471	MI0000807
MI0003844	MI0014206
MI0003844	MI0002465
MI0003844	MI0000807
MI0014206	MI0002465
MI0014206	MI0000807
MI0002465	MI0000807
MI0000737	MI0000457
MI0000737	MI0000650
MI0000737	MI0001641
MI0000737	MI0000342
MI0000457	MI0000650
MI0000457	MI0001641
MI0000457	MI0000342
MI0000650	MI0001641
MI0000650	MI0000342
MI0001641	MI0000342
MI0003832	MI0006430
MI0003832	MI0003156
MI0003832	MI0003155
MI0003832	MI0003143
MI0003832	MI0003170
MI0003832	MI0003154
MI0003832	MI0003172
MI0003832	MI0003157
MI0003832	MI0003164
MI0003832	MI0003175
MI0003832	MI0003180
MI0003832	MI0003152
MI0003832	MI0003181
MI0003832	MI0003159
MI0003832	MI0003174
MI0003832	MI0003166
MI0003832	MI0003182
MI0003832	MI0003146
MI0003832	MI0003161
MI0003832	MI0003151
MI0003832	MI0003178
MI0003832	MI0003167
MI0003832	MI0003169
MI0003832	MI0003177
MI0003832	MI0003148
MI0003832	MI0003150
MI0003832	MI0003163
MI0003832	MI0003158
MI0003832	MI0003171
MI0003832	MI0003165
MI0003832	MI0003145
MI0003832	MI0003153
MI0003832	MI0003168
MI0003832	MI0003149
MI0003832	MI0003173
MI0003832	MI0003179
MI0003832	MI0003176
MI0003832	MI0003147
MI0003832	MI0003160
MI0003832	MI0003144
MI0003832	MI0003162
MI0006430	MI0003156
MI0006430	MI0003155
MI0006430	MI0003143
MI0006430	MI0003170
MI0006430	MI0003154
MI0006430	MI0003172
MI0006430	MI0003157
MI0006430	MI0003164
MI0006430	MI0003175
MI0006430	MI0003180
MI0006430	MI0003152
MI0006430	MI0003181
MI0006430	MI0003159
MI0006430	MI0003174
MI0006430	MI0003166
MI0006430	MI0003182
MI0006430	MI0003146
MI0006430	MI0003161
MI0006430	MI0003151
MI0006430	MI0003178
MI0006430	MI0003167
MI0006430	MI0003169
MI0006430	MI0003177
MI0006430	MI0003148
MI0006430	MI0003150
MI0006430	MI0003163
MI0006430	MI0003158
MI0006430	MI0003171
MI0006430	MI0003165
MI0006430	MI0003145
MI0006430	MI0003153
MI0006430	MI0003168
MI0006430	MI0003149
MI0006430	MI0003173
MI0006430	MI0003179
MI0006430	MI0003176
MI0006430	MI0003147
MI0006430	MI0003160
MI0006430	MI0003144
MI0006430	MI0003162
MI0003156	MI0003155
MI0003156	MI0003143
MI0003156	MI0003170
MI0003156	MI0003154
MI0003156	MI0003172
MI0003156	MI0003157
MI0003156	MI0003164
MI0003156	MI0003175
MI0003156	MI0003180
MI0003156	MI0003152
MI0003156	MI0003181
MI0003156	MI0003159
MI0003156	MI0003174
MI0003156	MI0003166
MI0003156	MI0003182
MI0003156	MI0003146
MI0003156	MI0003161
MI0003156	MI0003151
MI0003156	MI0003178
MI0003156	MI0003167
MI0003156	MI0003169
MI0003156	MI0003177
MI0003156	MI0003148
MI0003156	MI0003150
MI0003156	MI0003163
MI0003156	MI0003158
MI0003156	MI0003171
MI0003156	MI0003165
MI0003156	MI0003145
MI0003156	MI0003153
MI0003156	MI0003168
MI0003156	MI0003149
MI0003156	MI0003173
MI0003156	MI0003179
MI0003156	MI0003176
MI0003156	MI0003147
MI0003156	MI0003160
MI0003156	MI0003144
MI0003156	MI0003162
MI0003155	MI0003143
MI0003155	MI0003170
MI0003155	MI0003154
MI0003155	MI0003172
MI0003155	MI0003157
MI0003155	MI0003164
MI0003155	MI0003175
MI0003155	MI0003180
MI0003155	MI0003152
MI0003155	MI0003181
MI0003155	MI0003159
MI0003155	MI0003174
MI0003155	MI0003166
MI0003155	MI0003182
MI0003155	MI0003146
MI0003155	MI0003161
MI0003155	MI0003151
MI0003155	MI0003178
MI0003155	MI0003167
MI0003155	MI0003169
MI0003155	MI0003177
MI0003155	MI0003148
MI0003155	MI0003150
MI0003155	MI0003163
MI0003155	MI0003158
MI0003155	MI0003171
MI0003155	MI0003165
MI0003155	MI0003145
MI0003155	MI0003153
MI0003155	MI0003168
MI0003155	MI0003149
MI0003155	MI0003173
MI0003155	MI0003179
MI0003155	MI0003176
MI0003155	MI0003147
MI0003155	MI0003160
MI0003155	MI0003144
MI0003155	MI0003162
MI0003143	MI0003170
MI0003143	MI0003154
MI0003143	MI0003172
MI0003143	MI0003157
MI0003143	MI0003164
MI0003143	MI0003175
MI0003143	MI0003180
MI0003143	MI0003152
MI0003143	MI0003181
MI0003143	MI0003159
MI0003143	MI0003174
MI0003143	MI0003166
MI0003143	MI0003182
MI0003143	MI0003146
MI0003143	MI0003161
MI0003143	MI0003151
MI0003143	MI0003178
MI0003143	MI0003167
MI0003143	MI0003169
MI0003143	MI0003177
MI0003143	MI0003148
MI0003143	MI0003150
MI0003143	MI0003163
MI0003143	MI0003158
MI0003143	MI0003171
MI0003143	MI0003165
MI0003143	MI0003145
MI0003143	MI0003153
MI0003143	MI0003168
MI0003143	MI0003149
MI0003143	MI0003173
MI0003143	MI0003179
MI0003143	MI0003176
MI0003143	MI0003147
MI0003143	MI0003160
MI0003143	MI0003144
MI0003143	MI0003162
MI0003170	MI0003154
MI0003170	MI0003172
MI0003170	MI0003157
MI0003170	MI0003164
MI0003170	MI0003175
MI0003170	MI0003180
MI0003170	MI0003152
MI0003170	MI0003181
MI0003170	MI0003159
MI0003170	MI0003174
MI0003170	MI0003166
MI0003170	MI0003182
MI0003170	MI0003146
MI0003170	MI0003161
MI0003170	MI0003151
MI0003170	MI0003178
MI0003170	MI0003167
MI0003170	MI0003169
MI0003170	MI0003177
MI0003170	MI0003148
MI0003170	MI0003150
MI0003170	MI0003163
MI0003170	MI0003158
MI0003170	MI0003171
MI0003170	MI0003165
MI0003170	MI0003145
MI0003170	MI0003153
MI0003170	MI0003168
MI0003170	MI0003149
MI0003170	MI0003173
MI0003170	MI0003179
MI0003170	MI0003176
MI0003170	MI0003147
MI0003170	MI0003160
MI0003170	MI0003144
MI0003170	MI0003162
MI0003154	MI0003172
MI0003154	MI0003157
MI0003154	MI0003164
MI0003154	MI0003175
MI0003154	MI0003180
MI0003154	MI0003152
MI0003154	MI0003181
MI0003154	MI0003159
MI0003154	MI0003174
MI0003154	MI0003166
MI0003154	MI0003182
MI0003154	MI0003146
MI0003154	MI0003161
MI0003154	MI0003151
MI0003154	MI0003178
MI0003154	MI0003167
MI0003154	MI0003169
MI0003154	MI0003177
MI0003154	MI0003148
MI0003154	MI0003150
MI0003154	MI0003163
MI0003154	MI0003158
MI0003154	MI0003171
MI0003154	MI0003165
MI0003154	MI0003145
MI0003154	MI0003153
MI0003154	MI0003168
MI0003154	MI0003149
MI0003154	MI0003173
MI0003154	MI0003179
MI0003154	MI0003176
MI0003154	MI0003147
MI0003154	MI0003160
MI0003154	MI0003144
MI0003154	MI0003162
MI0003172	MI0003157
MI0003172	MI0003164
MI0003172	MI0003175
MI0003172	MI0003180
MI0003172	MI0003152
MI0003172	MI0003181
MI0003172	MI0003159
MI0003172	MI0003174
MI0003172	MI0003166
MI0003172	MI0003182
MI0003172	MI0003146
MI0003172	MI0003161
MI0003172	MI0003151
MI0003172	MI0003178
MI0003172	MI0003167
MI0003172	MI0003169
MI0003172	MI0003177
MI0003172	MI0003148
MI0003172	MI0003150
MI0003172	MI0003163
MI0003172	MI0003158
MI0003172	MI0003171
MI0003172	MI0003165
MI0003172	MI0003145
MI0003172	MI0003153
MI0003172	MI0003168
MI0003172	MI0003149
MI0003172	MI0003173
MI0003172	MI0003179
MI0003172	MI0003176
MI0003172	MI0003147
MI0003172	MI0003160
MI0003172	MI0003144
MI0003172	MI0003162
MI0003157	MI0003164
MI0003157	MI0003175
MI0003157	MI0003180
MI0003157	MI0003152
MI0003157	MI0003181
MI0003157	MI0003159
MI0003157	MI0003174
MI0003157	MI0003166
MI0003157	MI0003182
MI0003157	MI0003146
MI0003157	MI0003161
MI0003157	MI0003151
MI0003157	MI0003178
MI0003157	MI0003167
MI0003157	MI0003169
MI0003157	MI0003177
MI0003157	MI0003148
MI0003157	MI0003150
MI0003157	MI0003163
MI0003157	MI0003158
MI0003157	MI0003171
MI0003157	MI0003165
MI0003157	MI0003145
MI0003157	MI0003153
MI0003157	MI0003168
MI0003157	MI0003149
MI0003157	MI0003173
MI0003157	MI0003179
MI0003157	MI0003176
MI0003157	MI0003147
MI0003157	MI0003160
MI0003157	MI0003144
MI0003157	MI0003162
MI0003164	MI0003175
MI0003164	MI0003180
MI0003164	MI0003152
MI0003164	MI0003181
MI0003164	MI0003159
MI0003164	MI0003174
MI0003164	MI0003166
MI0003164	MI0003182
MI0003164	MI0003146
MI0003164	MI0003161
MI0003164	MI0003151
MI0003164	MI0003178
MI0003164	MI0003167
MI0003164	MI0003169
MI0003164	MI0003177
MI0003164	MI0003148
MI0003164	MI0003150
MI0003164	MI0003163
MI0003164	MI0003158
MI0003164	MI0003171
MI0003164	MI0003165
MI0003164	MI0003145
MI0003164	MI0003153
MI0003164	MI0003168
MI0003164	MI0003149
MI0003164	MI0003173
MI0003164	MI0003179
MI0003164	MI0003176
MI0003164	MI0003147
MI0003164	MI0003160
MI0003164	MI0003144
MI0003164	MI0003162
MI0003175	MI0003180
MI0003175	MI0003152
MI0003175	MI0003181
MI0003175	MI0003159
MI0003175	MI0003174
MI0003175	MI0003166
MI0003175	MI0003182
MI0003175	MI0003146
MI0003175	MI0003161
MI0003175	MI0003151
MI0003175	MI0003178
MI0003175	MI0003167
MI0003175	MI0003169
MI0003175	MI0003177
MI0003175	MI0003148
MI0003175	MI0003150
MI0003175	MI0003163
MI0003175	MI0003158
MI0003175	MI0003171
MI0003175	MI0003165
MI0003175	MI0003145
MI0003175	MI0003153
MI0003175	MI0003168
MI0003175	MI0003149
MI0003175	MI0003173
MI0003175	MI0003179
MI0003175	MI0003176
MI0003175	MI0003147
MI0003175	MI0003160
MI0003175	MI0003144
MI0003175	MI0003162
MI0003180	MI0003152
MI0003180	MI0003181
MI0003180	MI0003159
MI0003180	MI0003174
MI0003180	MI0003166
MI0003180	MI0003182
MI0003180	MI0003146
MI0003180	MI0003161
MI0003180	MI0003151
MI0003180	MI0003178
MI0003180	MI0003167
MI0003180	MI0003169
MI0003180	MI0003177
MI0003180	MI0003148
MI0003180	MI0003150
MI0003180	MI0003163
MI0003180	MI0003158
MI0003180	MI0003171
MI0003180	MI0003165
MI0003180	MI0003145
MI0003180	MI0003153
MI0003180	MI0003168
MI0003180	MI0003149
MI0003180	MI0003173
MI0003180	MI0003179
MI0003180	MI0003176
MI0003180	MI0003147
MI0003180	MI0003160
MI0003180	MI0003144
MI0003180	MI0003162
MI0003152	MI0003181
MI0003152	MI0003159
MI0003152	MI0003174
MI0003152	MI0003166
MI0003152	MI0003182
MI0003152	MI0003146
MI0003152	MI0003161
MI0003152	MI0003151
MI0003152	MI0003178
MI0003152	MI0003167
MI0003152	MI0003169
MI0003152	MI0003177
MI0003152	MI0003148
MI0003152	MI0003150
MI0003152	MI0003163
MI0003152	MI0003158
MI0003152	MI0003171
MI0003152	MI0003165
MI0003152	MI0003145
MI0003152	MI0003153
MI0003152	MI0003168
MI0003152	MI0003149
MI0003152	MI0003173
MI0003152	MI0003179
MI0003152	MI0003176
MI0003152	MI0003147
MI0003152	MI0003160
MI0003152	MI0003144
MI0003152	MI0003162
MI0003181	MI0003159
MI0003181	MI0003174
MI0003181	MI0003166
MI0003181	MI0003182
MI0003181	MI0003146
MI0003181	MI0003161
MI0003181	MI0003151
MI0003181	MI0003178
MI0003181	MI0003167
MI0003181	MI0003169
MI0003181	MI0003177
MI0003181	MI0003148
MI0003181	MI0003150
MI0003181	MI0003163
MI0003181	MI0003158
MI0003181	MI0003171
MI0003181	MI0003165
MI0003181	MI0003145
MI0003181	MI0003153
MI0003181	MI0003168
MI0003181	MI0003149
MI0003181	MI0003173
MI0003181	MI0003179
MI0003181	MI0003176
MI0003181	MI0003147
MI0003181	MI0003160
MI0003181	MI0003144
MI0003181	MI0003162
MI0003159	MI0003174
MI0003159	MI0003166
MI0003159	MI0003182
MI0003159	MI0003146
MI0003159	MI0003161
MI0003159	MI0003151
MI0003159	MI0003178
MI0003159	MI0003167
MI0003159	MI0003169
MI0003159	MI0003177
MI0003159	MI0003148
MI0003159	MI0003150
MI0003159	MI0003163
MI0003159	MI0003158
MI0003159	MI0003171
MI0003159	MI0003165
MI0003159	MI0003145
MI0003159	MI0003153
MI0003159	MI0003168
MI0003159	MI0003149
MI0003159	MI0003173
MI0003159	MI0003179
MI0003159	MI0003176
MI0003159	MI0003147
MI0003159	MI0003160
MI0003159	MI0003144
MI0003159	MI0003162
MI0003174	MI0003166
MI0003174	MI0003182
MI0003174	MI0003146
MI0003174	MI0003161
MI0003174	MI0003151
MI0003174	MI0003178
MI0003174	MI0003167
MI0003174	MI0003169
MI0003174	MI0003177
MI0003174	MI0003148
MI0003174	MI0003150
MI0003174	MI0003163
MI0003174	MI0003158
MI0003174	MI0003171
MI0003174	MI0003165
MI0003174	MI0003145
MI0003174	MI0003153
MI0003174	MI0003168
MI0003174	MI0003149
MI0003174	MI0003173
MI0003174	MI0003179
MI0003174	MI0003176
MI0003174	MI0003147
MI0003174	MI0003160
MI0003174	MI0003144
MI0003174	MI0003162
MI0003166	MI0003182
MI0003166	MI0003146
MI0003166	MI0003161
MI0003166	MI0003151
MI0003166	MI0003178
MI0003166	MI0003167
MI0003166	MI0003169
MI0003166	MI0003177
MI0003166	MI0003148
MI0003166	MI0003150
MI0003166	MI0003163
MI0003166	MI0003158
MI0003166	MI0003171
MI0003166	MI0003165
MI0003166	MI0003145
MI0003166	MI0003153
MI0003166	MI0003168
MI0003166	MI0003149
MI0003166	MI0003173
MI0003166	MI0003179
MI0003166	MI0003176
MI0003166	MI0003147
MI0003166	MI0003160
MI0003166	MI0003144
MI0003166	MI0003162
MI0003182	MI0003146
MI0003182	MI0003161
MI0003182	MI0003151
MI0003182	MI0003178
MI0003182	MI0003167
MI0003182	MI0003169
MI0003182	MI0003177
MI0003182	MI0003148
MI0003182	MI0003150
MI0003182	MI0003163
MI0003182	MI0003158
MI0003182	MI0003171
MI0003182	MI0003165
MI0003182	MI0003145
MI0003182	MI0003153
MI0003182	MI0003168
MI0003182	MI0003149
MI0003182	MI0003173
MI0003182	MI0003179
MI0003182	MI0003176
MI0003182	MI0003147
MI0003182	MI0003160
MI0003182	MI0003144
MI0003182	MI0003162
MI0003146	MI0003161
MI0003146	MI0003151
MI0003146	MI0003178
MI0003146	MI0003167
MI0003146	MI0003169
MI0003146	MI0003177
MI0003146	MI0003148
MI0003146	MI0003150
MI0003146	MI0003163
MI0003146	MI0003158
MI0003146	MI0003171
MI0003146	MI0003165
MI0003146	MI0003145
MI0003146	MI0003153
MI0003146	MI0003168
MI0003146	MI0003149
MI0003146	MI0003173
MI0003146	MI0003179
MI0003146	MI0003176
MI0003146	MI0003147
MI0003146	MI0003160
MI0003146	MI0003144
MI0003146	MI0003162
MI0003161	MI0003151
MI0003161	MI0003178
MI0003161	MI0003167
MI0003161	MI0003169
MI0003161	MI0003177
MI0003161	MI0003148
MI0003161	MI0003150
MI0003161	MI0003163
MI0003161	MI0003158
MI0003161	MI0003171
MI0003161	MI0003165
MI0003161	MI0003145
MI0003161	MI0003153
MI0003161	MI0003168
MI0003161	MI0003149
MI0003161	MI0003173
MI0003161	MI0003179
MI0003161	MI0003176
MI0003161	MI0003147
MI0003161	MI0003160
MI0003161	MI0003144
MI0003161	MI0003162
MI0003151	MI0003178
MI0003151	MI0003167
MI0003151	MI0003169
MI0003151	MI0003177
MI0003151	MI0003148
MI0003151	MI0003150
MI0003151	MI0003163
MI0003151	MI0003158
MI0003151	MI0003171
MI0003151	MI0003165
MI0003151	MI0003145
MI0003151	MI0003153
MI0003151	MI0003168
MI0003151	MI0003149
MI0003151	MI0003173
MI0003151	MI0003179
MI0003151	MI0003176
MI0003151	MI0003147
MI0003151	MI0003160
MI0003151	MI0003144
MI0003151	MI0003162
MI0003178	MI0003167
MI0003178	MI0003169
MI0003178	MI0003177
MI0003178	MI0003148
MI0003178	MI0003150
MI0003178	MI0003163
MI0003178	MI0003158
MI0003178	MI0003171
MI0003178	MI0003165
MI0003178	MI0003145
MI0003178	MI0003153
MI0003178	MI0003168
MI0003178	MI0003149
MI0003178	MI0003173
MI0003178	MI0003179
MI0003178	MI0003176
MI0003178	MI0003147
MI0003178	MI0003160
MI0003178	MI0003144
MI0003178	MI0003162
MI0003167	MI0003169
MI0003167	MI0003177
MI0003167	MI0003148
MI0003167	MI0003150
MI0003167	MI0003163
MI0003167	MI0003158
MI0003167	MI0003171
MI0003167	MI0003165
MI0003167	MI0003145
MI0003167	MI0003153
MI0003167	MI0003168
MI0003167	MI0003149
MI0003167	MI0003173
MI0003167	MI0003179
MI0003167	MI0003176
MI0003167	MI0003147
MI0003167	MI0003160
MI0003167	MI0003144
MI0003167	MI0003162
MI0003169	MI0003177
MI0003169	MI0003148
MI0003169	MI0003150
MI0003169	MI0003163
MI0003169	MI0003158
MI0003169	MI0003171
MI0003169	MI0003165
MI0003169	MI0003145
MI0003169	MI0003153
MI0003169	MI0003168
MI0003169	MI0003149
MI0003169	MI0003173
MI0003169	MI0003179
MI0003169	MI0003176
MI0003169	MI0003147
MI0003169	MI0003160
MI0003169	MI0003144
MI0003169	MI0003162
MI0003177	MI0003148
MI0003177	MI0003150
MI0003177	MI0003163
MI0003177	MI0003158
MI0003177	MI0003171
MI0003177	MI0003165
MI0003177	MI0003145
MI0003177	MI0003153
MI0003177	MI0003168
MI0003177	MI0003149
MI0003177	MI0003173
MI0003177	MI0003179
MI0003177	MI0003176
MI0003177	MI0003147
MI0003177	MI0003160
MI0003177	MI0003144
MI0003177	MI0003162
MI0003148	MI0003150
MI0003148	MI0003163
MI0003148	MI0003158
MI0003148	MI0003171
MI0003148	MI0003165
MI0003148	MI0003145
MI0003148	MI0003153
MI0003148	MI0003168
MI0003148	MI0003149
MI0003148	MI0003173
MI0003148	MI0003179
MI0003148	MI0003176
MI0003148	MI0003147
MI0003148	MI0003160
MI0003148	MI0003144
MI0003148	MI0003162
MI0003150	MI0003163
MI0003150	MI0003158
MI0003150	MI0003171
MI0003150	MI0003165
MI0003150	MI0003145
MI0003150	MI0003153
MI0003150	MI0003168
MI0003150	MI0003149
MI0003150	MI0003173
MI0003150	MI0003179
MI0003150	MI0003176
MI0003150	MI0003147
MI0003150	MI0003160
MI0003150	MI0003144
MI0003150	MI0003162
MI0003163	MI0003158
MI0003163	MI0003171
MI0003163	MI0003165
MI0003163	MI0003145
MI0003163	MI0003153
MI0003163	MI0003168
MI0003163	MI0003149
MI0003163	MI0003173
MI0003163	MI0003179
MI0003163	MI0003176
MI0003163	MI0003147
MI0003163	MI0003160
MI0003163	MI0003144
MI0003163	MI0003162
MI0003158	MI0003171
MI0003158	MI0003165
MI0003158	MI0003145
MI0003158	MI0003153
MI0003158	MI0003168
MI0003158	MI0003149
MI0003158	MI0003173
MI0003158	MI0003179
MI0003158	MI0003176
MI0003158	MI0003147
MI0003158	MI0003160
MI0003158	MI0003144
MI0003158	MI0003162
MI0003171	MI0003165
MI0003171	MI0003145
MI0003171	MI0003153
MI0003171	MI0003168
MI0003171	MI0003149
MI0003171	MI0003173
MI0003171	MI0003179
MI0003171	MI0003176
MI0003171	MI0003147
MI0003171	MI0003160
MI0003171	MI0003144
MI0003171	MI0003162
MI0003165	MI0003145
MI0003165	MI0003153
MI0003165	MI0003168
MI0003165	MI0003149
MI0003165	MI0003173
MI0003165	MI0003179
MI0003165	MI0003176
MI0003165	MI0003147
MI0003165	MI0003160
MI0003165	MI0003144
MI0003165	MI0003162
MI0003145	MI0003153
MI0003145	MI0003168
MI0003145	MI0003149
MI0003145	MI0003173
MI0003145	MI0003179
MI0003145	MI0003176
MI0003145	MI0003147
MI0003145	MI0003160
MI0003145	MI0003144
MI0003145	MI0003162
MI0003153	MI0003168
MI0003153	MI0003149
MI0003153	MI0003173
MI0003153	MI0003179
MI0003153	MI0003176
MI0003153	MI0003147
MI0003153	MI0003160
MI0003153	MI0003144
MI0003153	MI0003162
MI0003168	MI0003149
MI0003168	MI0003173
MI0003168	MI0003179
MI0003168	MI0003176
MI0003168	MI0003147
MI0003168	MI0003160
MI0003168	MI0003144
MI0003168	MI0003162
MI0003149	MI0003173
MI0003149	MI0003179
MI0003149	MI0003176
MI0003149	MI0003147
MI0003149	MI0003160
MI0003149	MI0003144
MI0003149	MI0003162
MI0003173	MI0003179
MI0003173	MI0003176
MI0003173	MI0003147
MI0003173	MI0003160
MI0003173	MI0003144
MI0003173	MI0003162
MI0003179	MI0003176
MI0003179	MI0003147
MI0003179	MI0003160
MI0003179	MI0003144
MI0003179	MI0003162
MI0003176	MI0003147
MI0003176	MI0003160
MI0003176	MI0003144
MI0003176	MI0003162
MI0003147	MI0003160
MI0003147	MI0003144
MI0003147	MI0003162
MI0003160	MI0003144
MI0003160	MI0003162
MI0003144	MI0003162
MI0000445	MI0000443
MI0000445	MI0000444
MI0000443	MI0000444
MI0000265	MI0000264
MI0000265	MI0000263
MI0000264	MI0000263
MI0000108	MI0007262
MI0000108	MI0000109
MI0000108	MI0000114
MI0000108	MI0007261
MI0007262	MI0000109
MI0007262	MI0000114
MI0007262	MI0007261
MI0000109	MI0000114
MI0000109	MI0007261
MI0000114	MI0007261
MI0000295	MI0000294
MI0000439	MI0000079
MI0000810	MI0000452
MI0000810	MI0000453
MI0000452	MI0000453
MI0000450	MI0000822
MI0000450	MI0000451
MI0000822	MI0000451
MI0000279	MI0000238
MI0000279	MI0001150
MI0000238	MI0001150
MI0000469	MI0000101
MI0000469	MI0000446
MI0000469	MI0000267
MI0000469	MI0000102
MI0000469	MI0000266
MI0000469	MI0000746
MI0000469	MI0000470
MI0000101	MI0000446
MI0000101	MI0000267
MI0000101	MI0000102
MI0000101	MI0000266
MI0000101	MI0000746
MI0000101	MI0000470
MI0000446	MI0000267
MI0000446	MI0000102
MI0000446	MI0000266
MI0000446	MI0000746
MI0000446	MI0000470
MI0000267	MI0000102
MI0000267	MI0000266
MI0000267	MI0000746
MI0000267	MI0000470
MI0000102	MI0000266
MI0000102	MI0000746
MI0000102	MI0000470
MI0000266	MI0000746
MI0000266	MI0000470
MI0000746	MI0000470
MI0000745	MI0000748
MI0000745	MI0000448
MI0000745	MI0005568
MI0000748	MI0000448
MI0000748	MI0005568
MI0000448	MI0005568
MI0000085	MI0000440
MI0000437	MI0000490
MI0000437	MI0000651
MI0000490	MI0000651
MI0000743	MI0000268
MI0000743	MI0000742
MI0000268	MI0000742
MI0000282	MI0000281
MI0000282	MI0000242
MI0000281	MI0000242
MI0000080	MI0000081
MI0000287	MI0000284
MI0000083	MI0000084
MI0000083	MI0000750
MI0000084	MI0000750
MI0000740	MI0000296
MI0000740	MI0017299
MI0000296	MI0017299
MI0000103	MI0000739
MI0000727	MI0000447
MI0000463	MI0000464
MI0000299	MI0000298
MI0000292	MI0005569
MI0000732	MI0000488
MI0000811	MI0000462
MI0000811	MI0000253
MI0000462	MI0000253
MI0000086	MI0000809
MI0000086	MI0003772
MI0000809	MI0003772
MI0000767	MI0000769
MI0014136	MI0000290
MI0000234	MI0000291
MI0000288	MI0000449
MI0000779	MI0017393
MI0000779	MI0000780
MI0017393	MI0000780
MI0000091	MI0003646
MI0000738	MI0000772
MI0000738	MI0000773
MI0000738	MI0000774
MI0000738	MI0006418
MI0000772	MI0000773
MI0000772	MI0000774
MI0000772	MI0006418
MI0000773	MI0000774
MI0000773	MI0006418
MI0000774	MI0006418
MI0000473	MI0000252
MI0000112	MI0000111
MI0000455	MI0000476
MI0005545	MI0000486
MI0000487	MI0003137
MI0003529	MI0002466
MI0003529	MI0000776
MI0003529	MI0000784
MI0002466	MI0000776
MI0002466	MI0000784
MI0000776	MI0000784
MI0000442	MI0017383
MI0003516	MI0003758
MI0003516	MI0003685
MI0003516	MI0000097
MI0003758	MI0003685
MI0003758	MI0000097
MI0003685	MI0000097
MI0000477	MI0003129
MI0005544	MI0000262
MI0017343	MI0000283
MI0003135	MI0005565
MI0003135	MI0001725
MI0003135	MI0001726
MI0005565	MI0001725
MI0005565	MI0001726
MI0001725	MI0001726
MI0000484	MI0003205
MI0000484	MI0003684
MI0003205	MI0003684
MI0003757	MI0000788
MI0003757	MI0003675
MI0003757	MI0006656
MI0003757	MI0000787
MI0000788	MI0003675
MI0000788	MI0006656
MI0000788	MI0000787
MI0003675	MI0006656
MI0003675	MI0000787
MI0006656	MI0000787
MI0003187	MI0001652
MI0003187	MI0005531
MI0001652	MI0005531
MI0003195	MI0003127
MI0003195	MI0003194
MI0003195	MI0005717
MI0003195	MI0014251
MI0003195	MI0003196
MI0003195	MI0006648
MI0003195	MI0003140
MI0003195	MI0003200
MI0003195	MI0003191
MI0003195	MI0003197
MI0003195	MI0006649
MI0003195	MI0003199
MI0003195	MI0003141
MI0003195	MI0003193
MI0003195	MI0003198
MI0003195	MI0003192
MI0003195	MI0005530
MI0003127	MI0003194
MI0003127	MI0005717
MI0003127	MI0014251
MI0003127	MI0003196
MI0003127	MI0006648
MI0003127	MI0003140
MI0003127	MI0003200
MI0003127	MI0003191
MI0003127	MI0003197
MI0003127	MI0006649
MI0003127	MI0003199
MI0003127	MI0003141
MI0003127	MI0003193
MI0003127	MI0003198
MI0003127	MI0003192
MI0003127	MI0005530
MI0003194	MI0005717
MI0003194	MI0014251
MI0003194	MI0003196
MI0003194	MI0006648
MI0003194	MI0003140
MI0003194	MI0003200
MI0003194	MI0003191
MI0003194	MI0003197
MI0003194	MI0006649
MI0003194	MI0003199
MI0003194	MI0003141
MI0003194	MI0003193
MI0003194	MI0003198
MI0003194	MI0003192
MI0003194	MI0005530
MI0005717	MI0014251
MI0005717	MI0003196
MI0005717	MI0006648
MI0005717	MI0003140
MI0005717	MI0003200
MI0005717	MI0003191
MI0005717	MI0003197
MI0005717	MI0006649
MI0005717	MI0003199
MI0005717	MI0003141
MI0005717	MI0003193
MI0005717	MI0003198
MI0005717	MI0003192
MI0005717	MI0005530
MI0014251	MI0003196
MI0014251	MI0006648
MI0014251	MI0003140
MI0014251	MI0003200
MI0014251	MI0003191
MI0014251	MI0003197
MI0014251	MI0006649
MI0014251	MI0003199
MI0014251	MI0003141
MI0014251	MI0003193
MI0014251	MI0003198
MI0014251	MI0003192
MI0014251	MI0005530
MI0003196	MI0006648
MI0003196	MI0003140
MI0003196	MI0003200
MI0003196	MI0003191
MI0003196	MI0003197
MI0003196	MI0006649
MI0003196	MI0003199
MI0003196	MI0003141
MI0003196	MI0003193
MI0003196	MI0003198
MI0003196	MI0003192
MI0003196	MI0005530
MI0006648	MI0003140
MI0006648	MI0003200
MI0006648	MI0003191
MI0006648	MI0003197
MI0006648	MI0006649
MI0006648	MI0003199
MI0006648	MI0003141
MI0006648	MI0003193
MI0006648	MI0003198
MI0006648	MI0003192
MI0006648	MI0005530
MI0003140	MI0003200
MI0003140	MI0003191
MI0003140	MI0003197
MI0003140	MI0006649
MI0003140	MI0003199
MI0003140	MI0003141
MI0003140	MI0003193
MI0003140	MI0003198
MI0003140	MI0003192
MI0003140	MI0005530
MI0003200	MI0003191
MI0003200	MI0003197
MI0003200	MI0006649
MI0003200	MI0003199
MI0003200	MI0003141
MI0003200	MI0003193
MI0003200	MI0003198
MI0003200	MI0003192
MI0003200	MI0005530
MI0003191	MI0003197
MI0003191	MI0006649
MI0003191	MI0003199
MI0003191	MI0003141
MI0003191	MI0003193
MI0003191	MI0003198
MI0003191	MI0003192
MI0003191	MI0005530
MI0003197	MI0006649
MI0003197	MI0003199
MI0003197	MI0003141
MI0003197	MI0003193
MI0003197	MI0003198
MI0003197	MI0003192
MI0003197	MI0005530
MI0006649	MI0003199
MI0006649	MI0003141
MI0006649	MI0003193
MI0006649	MI0003198
MI0006649	MI0003192
MI0006649	MI0005530
MI0003199	MI0003141
MI0003199	MI0003193
MI0003199	MI0003198
MI0003199	MI0003192
MI0003199	MI0005530
MI0003141	MI0003193
MI0003141	MI0003198
MI0003141	MI0003192
MI0003141	MI0005530
MI0003193	MI0003198
MI0003193	MI0003192
MI0003193	MI0005530
MI0003198	MI0003192
MI0003198	MI0005530
MI0003192	MI0005530
MI0001648	MI0003673
MI0001648	MI0003823
MI0003673	MI0003823
MI0003186	MI0003185
MI0003186	MI0003184
MI0003186	MI0015903
MI0003185	MI0003184
MI0003185	MI0015903
MI0003184	MI0015903
MI0001729	MI0017360
MI0003839	MI0000542
MI0003839	MI0008191
MI0003839	MI0014234
MI0003839	MI0008192
MI0003839	MI0008190
MI0003839	MI0003778
MI0003839	MI0003776
MI0000542	MI0008191
MI0000542	MI0014234
MI0000542	MI0008192
MI0000542	MI0008190
MI0000542	MI0003778
MI0000542	MI0003776
MI0008191	MI0014234
MI0008191	MI0008192
MI0008191	MI0008190
MI0008191	MI0003778
MI0008191	MI0003776
MI0014234	MI0008192
MI0014234	MI0008190
MI0014234	MI0003778
MI0014234	MI0003776
MI0008192	MI0008190
MI0008192	MI0003778
MI0008192	MI0003776
MI0008190	MI0003778
MI0008190	MI0003776
MI0003778	MI0003776
MI0016749	MI0000786
MI0016749	MI0016750
MI0016749	MI0003840
MI0016749	MI0014154
MI0000786	MI0016750
MI0000786	MI0003840
MI0000786	MI0014154
MI0016750	MI0003840
MI0016750	MI0014154
MI0003840	MI0014154
MI0000251	MI0005570
MI0002470	MI0023622
MI0000782	MI0016684
MI0000782	MI0005566
MI0016684	MI0005566
MI0019134	MI0006442
MI0006374	MI0006376
MI0006374	MI0016779
MI0006374	MI0006345
MI0006374	MI0016851
MI0006374	MI0014174
MI0006374	MI0019152
MI0006374	MI0019145
MI0006374	MI0010637
MI0006374	MI0003612
MI0006374	MI0006411
MI0006374	MI0016690
MI0006374	MI0016907
MI0006374	MI0016840
MI0006374	MI0006423
MI0006374	MI0022210
MI0006374	MI0016815
MI0006374	MI0006414
MI0006374	MI0016793
MI0006374	MI0016813
MI0006374	MI0025747
MI0006374	MI0006413
MI0006374	MI0003671
MI0006374	MI0003593
MI0006374	MI0016904
MI0006374	MI0006395
MI0006374	MI0006344
MI0006374	MI0016762
MI0006374	MI0016780
MI0006374	MI0003596
MI0006374	MI0006422
MI0006374	MI0003630
MI0006374	MI0016814
MI0006374	MI0014168
MI0006374	MI0016688
MI0006374	MI0019131
MI0006374	MI0006377
MI0006374	MI0019137
MI0006374	MI0016796
MI0006374	MI0016689
MI0006374	MI0014164
MI0006374	MI0017875
MI0006374	MI0022212
MI0006374	MI0019283
MI0006374	MI0006354
MI0006374	MI0006399
MI0006374	MI0006378
MI0006374	MI0006421
MI0006374	MI0019130
MI0006374	MI0016746
MI0006374	MI0014222
MI0006374	MI0016751
MI0006374	MI0019132
MI0006374	MI0006361
MI0006374	MI0003616
MI0006374	MI0016770
MI0006374	MI0006375
MI0006374	MI0003668
MI0006374	MI0006412
MI0006374	MI0003598
MI0006374	MI0016752
MI0006374	MI0006424
MI0006374	MI0006400
MI0006374	MI0014244
MI0006374	MI0016794
MI0006374	MI0016833
MI0006374	MI0029321
MI0006374	MI0016595
MI0006374	MI0003586
MI0006374	MI0017871
MI0006374	MI0014141
MI0006374	MI0006420
MI0006374	MI0019286
MI0006374	MI0003577
MI0006376	MI0016779
MI0006376	MI0006345
MI0006376	MI0016851
MI0006376	MI0014174
MI0006376	MI0019152
MI0006376	MI0019145
MI0006376	MI0010637
MI0006376	MI0003612
MI0006376	MI0006411
MI0006376	MI0016690
MI0006376	MI0016907
MI0006376	MI0016840
MI0006376	MI0006423
MI0006376	MI0022210
MI0006376	MI0016815
MI0006376	MI0006414
MI0006376	MI0016793
MI0006376	MI0016813
MI0006376	MI0025747
MI0006376	MI0006413
MI0006376	MI0003671
MI0006376	MI0003593
MI0006376	MI0016904
MI0006376	MI0006395
MI0006376	MI0006344
MI0006376	MI0016762
MI0006376	MI0016780
MI0006376	MI0003596
MI0006376	MI0006422
MI0006376	MI0003630
MI0006376	MI0016814
MI0006376	MI0014168
MI0006376	MI0016688
MI0006376	MI0019131
MI0006376	MI0006377
MI0006376	MI0019137
MI0006376	MI0016796
MI0006376	MI0016689
MI0006376	MI0014164
MI0006376	MI0017875
MI0006376	MI0022212
MI0006376	MI0019283
MI0006376	MI0006354
MI0006376	MI0006399
MI0006376	MI0006378
MI0006376	MI0006421
MI0006376	MI0019130
MI0006376	MI0016746
MI0006376	MI0014222
MI0006376	MI0016751
MI0006376	MI0019132
MI0006376	MI0006361
MI0006376	MI0003616
MI0006376	MI0016770
MI0006376	MI0006375
MI0006376	MI0003668
MI0006376	MI0006412
MI0006376	MI0003598
MI0006376	MI0016752
MI0006376	MI0006424
MI0006376	MI0006400
MI0006376	MI0014244
MI0006376	MI0016794
MI0006376	MI0016833
MI0006376	MI0029321
MI0006376	MI0016595
MI0006376	MI0003586
MI0006376	MI0017871
MI0006376	MI0014141
MI0006376	MI0006420
MI0006376	MI0019286
MI0006376	MI0003577
MI0016779	MI0006345
MI0016779	MI0016851
MI0016779	MI0014174
MI0016779	MI0019152
MI0016779	MI0019145
MI0016779	MI0010637
MI0016779	MI0003612
MI0016779	MI0006411
MI0016779	MI0016690
MI0016779	MI0016907
MI0016779	MI0016840
MI0016779	MI0006423
MI0016779	MI0022210
MI0016779	MI0016815
MI0016779	MI0006414
MI0016779	MI0016793
MI0016779	MI0016813
MI0016779	MI0025747
MI0016779	MI0006413
MI0016779	MI0003671
MI0016779	MI0003593
MI0016779	MI0016904
MI0016779	MI0006395
MI0016779	MI0006344
MI0016779	MI0016762
MI0016779	MI0016780
MI0016779	MI0003596
MI0016779	MI0006422
MI0016779	MI0003630
MI0016779	MI0016814
MI0016779	MI0014168
MI0016779	MI0016688
MI0016779	MI0019131
MI0016779	MI0006377
MI0016779	MI0019137
MI0016779	MI0016796
MI0016779	MI0016689
MI0016779	MI0014164
MI0016779	MI0017875
MI0016779	MI0022212
MI0016779	MI0019283
MI0016779	MI0006354
MI0016779	MI0006399
MI0016779	MI0006378
MI0016779	MI0006421
MI0016779	MI0019130
MI0016779	MI0016746
MI0016779	MI0014222
MI0016779	MI0016751
MI0016779	MI0019132
MI0016779	MI0006361
MI0016779	MI0003616
MI0016779	MI0016770
MI0016779	MI0006375
MI0016779	MI0003668
MI0016779	MI0006412
MI0016779	MI0003598
MI0016779	MI0016752
MI0016779	MI0006424
MI0016779	MI0006400
MI0016779	MI0014244
MI0016779	MI0016794
MI0016779	MI0016833
MI0016779	MI0029321
MI0016779	MI0016595
MI0016779	MI0003586
MI0016779	MI0017871
MI0016779	MI0014141
MI0016779	MI0006420
MI0016779	MI0019286
MI0016779	MI0003577
MI0006345	MI0016851
MI0006345	MI0014174
MI0006345	MI0019152
MI0006345	MI0019145
MI0006345	MI0010637
MI0006345	MI0003612
MI0006345	MI0006411
MI0006345	MI0016690
MI0006345	MI0016907
MI0006345	MI0016840
MI0006345	MI0006423
MI0006345	MI0022210
MI0006345	MI0016815
MI0006345	MI0006414
MI0006345	MI0016793
MI0006345	MI0016813
MI0006345	MI0025747
MI0006345	MI0006413
MI0006345	MI0003671
MI0006345	MI0003593
MI0006345	MI0016904
MI0006345	MI0006395
MI0006345	MI0006344
MI0006345	MI0016762
MI0006345	MI0016780
MI0006345	MI0003596
MI0006345	MI0006422
MI0006345	MI0003630
MI0006345	MI0016814
MI0006345	MI0014168
MI0006345	MI0016688
MI0006345	MI0019131
MI0006345	MI0006377
MI0006345	MI0019137
MI0006345	MI0016796
MI0006345	MI0016689
MI0006345	MI0014164
MI0006345	MI0017875
MI0006345	MI0022212
MI0006345	MI0019283
MI0006345	MI0006354
MI0006345	MI0006399
MI0006345	MI0006378
MI0006345	MI0006421
MI0006345	MI0019130
MI0006345	MI0016746
MI0006345	MI0014222
MI0006345	MI0016751
MI0006345	MI0019132
MI0006345	MI0006361
MI0006345	MI0003616
MI0006345	MI0016770
MI0006345	MI0006375
MI0006345	MI0003668
MI0006345	MI0006412
MI0006345	MI0003598
MI0006345	MI0016752
MI0006345	MI0006424
MI0006345	MI0006400
MI0006345	MI0014244
MI0006345	MI0016794
MI0006345	MI0016833
MI0006345	MI0029321
MI0006345	MI0016595
MI0006345	MI0003586
MI0006345	MI0017871
MI0006345	MI0014141
MI0006345	MI0006420
MI0006345	MI0019286
MI0006345	MI0003577
MI0016851	MI0014174
MI0016851	MI0019152
MI0016851	MI0019145
MI0016851	MI0010637
MI0016851	MI0003612
MI0016851	MI0006411
MI0016851	MI0016690
MI0016851	MI0016907
MI0016851	MI0016840
MI0016851	MI0006423
MI0016851	MI0022210
MI0016851	MI0016815
MI0016851	MI0006414
MI0016851	MI0016793
MI0016851	MI0016813
MI0016851	MI0025747
MI0016851	MI0006413
MI0016851	MI0003671
MI0016851	MI0003593
MI0016851	MI0016904
MI0016851	MI0006395
MI0016851	MI0006344
MI0016851	MI0016762
MI0016851	MI0016780
MI0016851	MI0003596
MI0016851	MI0006422
MI0016851	MI0003630
MI0016851	MI0016814
MI0016851	MI0014168
MI0016851	MI0016688
MI0016851	MI0019131
MI0016851	MI0006377
MI0016851	MI0019137
MI0016851	MI0016796
MI0016851	MI0016689
MI0016851	MI0014164
MI0016851	MI0017875
MI0016851	MI0022212
MI0016851	MI0019283
MI0016851	MI0006354
MI0016851	MI0006399
MI0016851	MI0006378
MI0016851	MI0006421
MI0016851	MI0019130
MI0016851	MI0016746
MI0016851	MI0014222
MI0016851	MI0016751
MI0016851	MI0019132
MI0016851	MI0006361
MI0016851	MI0003616
MI0016851	MI0016770
MI0016851	MI0006375
MI0016851	MI0003668
MI0016851	MI0006412
MI0016851	MI0003598
MI0016851	MI0016752
MI0016851	MI0006424
MI0016851	MI0006400
MI0016851	MI0014244
MI0016851	MI0016794
MI0016851	MI0016833
MI0016851	MI0029321
MI0016851	MI0016595
MI0016851	MI0003586
MI0016851	MI0017871
MI0016851	MI0014141
MI0016851	MI0006420
MI0016851	MI0019286
MI0016851	MI0003577
MI0014174	MI0019152
MI0014174	MI0019145
MI0014174	MI0010637
MI0014174	MI0003612
MI0014174	MI0006411
MI0014174	MI0016690
MI0014174	MI0016907
MI0014174	MI0016840
MI0014174	MI0006423
MI0014174	MI0022210
MI0014174	MI0016815
MI0014174	MI0006414
MI0014174	MI0016793
MI0014174	MI0016813
MI0014174	MI0025747
MI0014174	MI0006413
MI0014174	MI0003671
MI0014174	MI0003593
MI0014174	MI0016904
MI0014174	MI0006395
MI0014174	MI0006344
MI0014174	MI0016762
MI0014174	MI0016780
MI0014174	MI0003596
MI0014174	MI0006422
MI0014174	MI0003630
MI0014174	MI0016814
MI0014174	MI0014168
MI0014174	MI0016688
MI0014174	MI0019131
MI0014174	MI0006377
MI0014174	MI0019137
MI0014174	MI0016796
MI0014174	MI0016689
MI0014174	MI0014164
MI0014174	MI0017875
MI0014174	MI0022212
MI0014174	MI0019283
MI0014174	MI0006354
MI0014174	MI0006399
MI0014174	MI0006378
MI0014174	MI0006421
MI0014174	MI0019130
MI0014174	MI0016746
MI0014174	MI0014222
MI0014174	MI0016751
MI0014174	MI0019132
MI0014174	MI0006361
MI0014174	MI0003616
MI0014174	MI0016770
MI0014174	MI0006375
MI0014174	MI0003668
MI0014174	MI0006412
MI0014174	MI0003598
MI0014174	MI0016752
MI0014174	MI0006424
MI0014174	MI0006400
MI0014174	MI0014244
MI0014174	MI0016794
MI0014174	MI0016833
MI0014174	MI0029321
MI0014174	MI0016595
MI0014174	MI0003586
MI0014174	MI0017871
MI0014174	MI0014141
MI0014174	MI0006420
MI0014174	MI0019286
MI0014174	MI0003577
MI0019152	MI0019145
MI0019152	MI0010637
MI0019152	MI0003612
MI0019152	MI0006411
MI0019152	MI0016690
MI0019152	MI0016907
MI0019152	MI0016840
MI0019152	MI0006423
MI0019152	MI0022210
MI0019152	MI0016815
MI0019152	MI0006414
MI0019152	MI0016793
MI0019152	MI0016813
MI0019152	MI0025747
MI0019152	MI0006413
MI0019152	MI0003671
MI0019152	MI0003593
MI0019152	MI0016904
MI0019152	MI0006395
MI0019152	MI0006344
MI0019152	MI0016762
MI0019152	MI0016780
MI0019152	MI0003596
MI0019152	MI0006422
MI0019152	MI0003630
MI0019152	MI0016814
MI0019152	MI0014168
MI0019152	MI0016688
MI0019152	MI0019131
MI0019152	MI0006377
MI0019152	MI0019137
MI0019152	MI0016796
MI0019152	MI0016689
MI0019152	MI0014164
MI0019152	MI0017875
MI0019152	MI0022212
MI0019152	MI0019283
MI0019152	MI0006354
MI0019152	MI0006399
MI0019152	MI0006378
MI0019152	MI0006421
MI0019152	MI0019130
MI0019152	MI0016746
MI0019152	MI0014222
MI0019152	MI0016751
MI0019152	MI0019132
MI0019152	MI0006361
MI0019152	MI0003616
MI0019152	MI0016770
MI0019152	MI0006375
MI0019152	MI0003668
MI0019152	MI0006412
MI0019152	MI0003598
MI0019152	MI0016752
MI0019152	MI0006424
MI0019152	MI0006400
MI0019152	MI0014244
MI0019152	MI0016794
MI0019152	MI0016833
MI0019152	MI0029321
MI0019152	MI0016595
MI0019152	MI0003586
MI0019152	MI0017871
MI0019152	MI0014141
MI0019152	MI0006420
MI0019152	MI0019286
MI0019152	MI0003577
MI0019145	MI0010637
MI0019145	MI0003612
MI0019145	MI0006411
MI0019145	MI0016690
MI0019145	MI0016907
MI0019145	MI0016840
MI0019145	MI0006423
MI0019145	MI0022210
MI0019145	MI0016815
MI0019145	MI0006414
MI0019145	MI0016793
MI0019145	MI0016813
MI0019145	MI0025747
MI0019145	MI0006413
MI0019145	MI0003671
MI0019145	MI0003593
MI0019145	MI0016904
MI0019145	MI0006395
MI0019145	MI0006344
MI0019145	MI0016762
MI0019145	MI0016780
MI0019145	MI0003596
MI0019145	MI0006422
MI0019145	MI0003630
MI0019145	MI0016814
MI0019145	MI0014168
MI0019145	MI0016688
MI0019145	MI0019131
MI0019145	MI0006377
MI0019145	MI0019137
MI0019145	MI0016796
MI0019145	MI0016689
MI0019145	MI0014164
MI0019145	MI0017875
MI0019145	MI0022212
MI0019145	MI0019283
MI0019145	MI0006354
MI0019145	MI0006399
MI0019145	MI0006378
MI0019145	MI0006421
MI0019145	MI0019130
MI0019145	MI0016746
MI0019145	MI0014222
MI0019145	MI0016751
MI0019145	MI0019132
MI0019145	MI0006361
MI0019145	MI0003616
MI0019145	MI0016770
MI0019145	MI0006375
MI0019145	MI0003668
MI0019145	MI0006412
MI0019145	MI0003598
MI0019145	MI0016752
MI0019145	MI0006424
MI0019145	MI0006400
MI0019145	MI0014244
MI0019145	MI0016794
MI0019145	MI0016833
MI0019145	MI0029321
MI0019145	MI0016595
MI0019145	MI0003586
MI0019145	MI0017871
MI0019145	MI0014141
MI0019145	MI0006420
MI0019145	MI0019286
MI0019145	MI0003577
MI0010637	MI0003612
MI0010637	MI0006411
MI0010637	MI0016690
MI0010637	MI0016907
MI0010637	MI0016840
MI0010637	MI0006423
MI0010637	MI0022210
MI0010637	MI0016815
MI0010637	MI0006414
MI0010637	MI0016793
MI0010637	MI0016813
MI0010637	MI0025747
MI0010637	MI0006413
MI0010637	MI0003671
MI0010637	MI0003593
MI0010637	MI0016904
MI0010637	MI0006395
MI0010637	MI0006344
MI0010637	MI0016762
MI0010637	MI0016780
MI0010637	MI0003596
MI0010637	MI0006422
MI0010637	MI0003630
MI0010637	MI0016814
MI0010637	MI0014168
MI0010637	MI0016688
MI0010637	MI0019131
MI0010637	MI0006377
MI0010637	MI0019137
MI0010637	MI0016796
MI0010637	MI0016689
MI0010637	MI0014164
MI0010637	MI0017875
MI0010637	MI0022212
MI0010637	MI0019283
MI0010637	MI0006354
MI0010637	MI0006399
MI0010637	MI0006378
MI0010637	MI0006421
MI0010637	MI0019130
MI0010637	MI0016746
MI0010637	MI0014222
MI0010637	MI0016751
MI0010637	MI0019132
MI0010637	MI0006361
MI0010637	MI0003616
MI0010637	MI0016770
MI0010637	MI0006375
MI0010637	MI0003668
MI0010637	MI0006412
MI0010637	MI0003598
MI0010637	MI0016752
MI0010637	MI0006424
MI0010637	MI0006400
MI0010637	MI0014244
MI0010637	MI0016794
MI0010637	MI0016833
MI0010637	MI0029321
MI0010637	MI0016595
MI0010637	MI0003586
MI0010637	MI0017871
MI0010637	MI0014141
MI0010637	MI0006420
MI0010637	MI0019286
MI0010637	MI0003577
MI0003612	MI0006411
MI0003612	MI0016690
MI0003612	MI0016907
MI0003612	MI0016840
MI0003612	MI0006423
MI0003612	MI0022210
MI0003612	MI0016815
MI0003612	MI0006414
MI0003612	MI0016793
MI0003612	MI0016813
MI0003612	MI0025747
MI0003612	MI0006413
MI0003612	MI0003671
MI0003612	MI0003593
MI0003612	MI0016904
MI0003612	MI0006395
MI0003612	MI0006344
MI0003612	MI0016762
MI0003612	MI0016780
MI0003612	MI0003596
MI0003612	MI0006422
MI0003612	MI0003630
MI0003612	MI0016814
MI0003612	MI0014168
MI0003612	MI0016688
MI0003612	MI0019131
MI0003612	MI0006377
MI0003612	MI0019137
MI0003612	MI0016796
MI0003612	MI0016689
MI0003612	MI0014164
MI0003612	MI0017875
MI0003612	MI0022212
MI0003612	MI0019283
MI0003612	MI0006354
MI0003612	MI0006399
MI0003612	MI0006378
MI0003612	MI0006421
MI0003612	MI0019130
MI0003612	MI0016746
MI0003612	MI0014222
MI0003612	MI0016751
MI0003612	MI0019132
MI0003612	MI0006361
MI0003612	MI0003616
MI0003612	MI0016770
MI0003612	MI0006375
MI0003612	MI0003668
MI0003612	MI0006412
MI0003612	MI0003598
MI0003612	MI0016752
MI0003612	MI0006424
MI0003612	MI0006400
MI0003612	MI0014244
MI0003612	MI0016794
MI0003612	MI0016833
MI0003612	MI0029321
MI0003612	MI0016595
MI0003612	MI0003586
MI0003612	MI0017871
MI0003612	MI0014141
MI0003612	MI0006420
MI0003612	MI0019286
MI0003612	MI0003577
MI0006411	MI0016690
MI0006411	MI0016907
MI0006411	MI0016840
MI0006411	MI0006423
MI0006411	MI0022210
MI0006411	MI0016815
MI0006411	MI0006414
MI0006411	MI0016793
MI0006411	MI0016813
MI0006411	MI0025747
MI0006411	MI0006413
MI0006411	MI0003671
MI0006411	MI0003593
MI0006411	MI0016904
MI0006411	MI0006395
MI0006411	MI0006344
MI0006411	MI0016762
MI0006411	MI0016780
MI0006411	MI0003596
MI0006411	MI0006422
MI0006411	MI0003630
MI0006411	MI0016814
MI0006411	MI0014168
MI0006411	MI0016688
MI0006411	MI0019131
MI0006411	MI0006377
MI0006411	MI0019137
MI0006411	MI0016796
MI0006411	MI0016689
MI0006411	MI0014164
MI0006411	MI0017875
MI0006411	MI0022212
MI0006411	MI0019283
MI0006411	MI0006354
MI0006411	MI0006399
MI0006411	MI0006378
MI0006411	MI0006421
MI0006411	MI0019130
MI0006411	MI0016746
MI0006411	MI0014222
MI0006411	MI0016751
MI0006411	MI0019132
MI0006411	MI0006361
MI0006411	MI0003616
MI0006411	MI0016770
MI0006411	MI0006375
MI0006411	MI0003668
MI0006411	MI0006412
MI0006411	MI0003598
MI0006411	MI0016752
MI0006411	MI0006424
MI0006411	MI0006400
MI0006411	MI0014244
MI0006411	MI0016794
MI0006411	MI0016833
MI0006411	MI0029321
MI0006411	MI0016595
MI0006411	MI0003586
MI0006411	MI0017871
MI0006411	MI0014141
MI0006411	MI0006420
MI0006411	MI0019286
MI0006411	MI0003577
MI0016690	MI0016907
MI0016690	MI0016840
MI0016690	MI0006423
MI0016690	MI0022210
MI0016690	MI0016815
MI0016690	MI0006414
MI0016690	MI0016793
MI0016690	MI0016813
MI0016690	MI0025747
MI0016690	MI0006413
MI0016690	MI0003671
MI0016690	MI0003593
MI0016690	MI0016904
MI0016690	MI0006395
MI0016690	MI0006344
MI0016690	MI0016762
MI0016690	MI0016780
MI0016690	MI0003596
MI0016690	MI0006422
MI0016690	MI0003630
MI0016690	MI0016814
MI0016690	MI0014168
MI0016690	MI0016688
MI0016690	MI0019131
MI0016690	MI0006377
MI0016690	MI0019137
MI0016690	MI0016796
MI0016690	MI0016689
MI0016690	MI0014164
MI0016690	MI0017875
MI0016690	MI0022212
MI0016690	MI0019283
MI0016690	MI0006354
MI0016690	MI0006399
MI0016690	MI0006378
MI0016690	MI0006421
MI0016690	MI0019130
MI0016690	MI0016746
MI0016690	MI0014222
MI0016690	MI0016751
MI0016690	MI0019132
MI0016690	MI0006361
MI0016690	MI0003616
MI0016690	MI0016770
MI0016690	MI0006375
MI0016690	MI0003668
MI0016690	MI0006412
MI0016690	MI0003598
MI0016690	MI0016752
MI0016690	MI0006424
MI0016690	MI0006400
MI0016690	MI0014244
MI0016690	MI0016794
MI0016690	MI0016833
MI0016690	MI0029321
MI0016690	MI0016595
MI0016690	MI0003586
MI0016690	MI0017871
MI0016690	MI0014141
MI0016690	MI0006420
MI0016690	MI0019286
MI0016690	MI0003577
MI0016907	MI0016840
MI0016907	MI0006423
MI0016907	MI0022210
MI0016907	MI0016815
MI0016907	MI0006414
MI0016907	MI0016793
MI0016907	MI0016813
MI0016907	MI0025747
MI0016907	MI0006413
MI0016907	MI0003671
MI0016907	MI0003593
MI0016907	MI0016904
MI0016907	MI0006395
MI0016907	MI0006344
MI0016907	MI0016762
MI0016907	MI0016780
MI0016907	MI0003596
MI0016907	MI0006422
MI0016907	MI0003630
MI0016907	MI0016814
MI0016907	MI0014168
MI0016907	MI0016688
MI0016907	MI0019131
MI0016907	MI0006377
MI0016907	MI0019137
MI0016907	MI0016796
MI0016907	MI0016689
MI0016907	MI0014164
MI0016907	MI0017875
MI0016907	MI0022212
MI0016907	MI0019283
MI0016907	MI0006354
MI0016907	MI0006399
MI0016907	MI0006378
MI0016907	MI0006421
MI0016907	MI0019130
MI0016907	MI0016746
MI0016907	MI0014222
MI0016907	MI0016751
MI0016907	MI0019132
MI0016907	MI0006361
MI0016907	MI0003616
MI0016907	MI0016770
MI0016907	MI0006375
MI0016907	MI0003668
MI0016907	MI0006412
MI0016907	MI0003598
MI0016907	MI0016752
MI0016907	MI0006424
MI0016907	MI0006400
MI0016907	MI0014244
MI0016907	MI0016794
MI0016907	MI0016833
MI0016907	MI0029321
MI0016907	MI0016595
MI0016907	MI0003586
MI0016907	MI0017871
MI0016907	MI0014141
MI0016907	MI0006420
MI0016907	MI0019286
MI0016907	MI0003577
MI0016840	MI0006423
MI0016840	MI0022210
MI0016840	MI0016815
MI0016840	MI0006414
MI0016840	MI0016793
MI0016840	MI0016813
MI0016840	MI0025747
MI0016840	MI0006413
MI0016840	MI0003671
MI0016840	MI0003593
MI0016840	MI0016904
MI0016840	MI0006395
MI0016840	MI0006344
MI0016840	MI0016762
MI0016840	MI0016780
MI0016840	MI0003596
MI0016840	MI0006422
MI0016840	MI0003630
MI0016840	MI0016814
MI0016840	MI0014168
MI0016840	MI0016688
MI0016840	MI0019131
MI0016840	MI0006377
MI0016840	MI0019137
MI0016840	MI0016796
MI0016840	MI0016689
MI0016840	MI0014164
MI0016840	MI0017875
MI0016840	MI0022212
MI0016840	MI0019283
MI0016840	MI0006354
MI0016840	MI0006399
MI0016840	MI0006378
MI0016840	MI0006421
MI0016840	MI0019130
MI0016840	MI0016746
MI0016840	MI0014222
MI0016840	MI0016751
MI0016840	MI0019132
MI0016840	MI0006361
MI0016840	MI0003616
MI0016840	MI0016770
MI0016840	MI0006375
MI0016840	MI0003668
MI0016840	MI0006412
MI0016840	MI0003598
MI0016840	MI0016752
MI0016840	MI0006424
MI0016840	MI0006400
MI0016840	MI0014244
MI0016840	MI0016794
MI0016840	MI0016833
MI0016840	MI0029321
MI0016840	MI0016595
MI0016840	MI0003586
MI0016840	MI0017871
MI0016840	MI0014141
MI0016840	MI0006420
MI0016840	MI0019286
MI0016840	MI0003577
MI0006423	MI0022210
MI0006423	MI0016815
MI0006423	MI0006414
MI0006423	MI0016793
MI0006423	MI0016813
MI0006423	MI0025747
MI0006423	MI0006413
MI0006423	MI0003671
MI0006423	MI0003593
MI0006423	MI0016904
MI0006423	MI0006395
MI0006423	MI0006344
MI0006423	MI0016762
MI0006423	MI0016780
MI0006423	MI0003596
MI0006423	MI0006422
MI0006423	MI0003630
MI0006423	MI0016814
MI0006423	MI0014168
MI0006423	MI0016688
MI0006423	MI0019131
MI0006423	MI0006377
MI0006423	MI0019137
MI0006423	MI0016796
MI0006423	MI0016689
MI0006423	MI0014164
MI0006423	MI0017875
MI0006423	MI0022212
MI0006423	MI0019283
MI0006423	MI0006354
MI0006423	MI0006399
MI0006423	MI0006378
MI0006423	MI0006421
MI0006423	MI0019130
MI0006423	MI0016746
MI0006423	MI0014222
MI0006423	MI0016751
MI0006423	MI0019132
MI0006423	MI0006361
MI0006423	MI0003616
MI0006423	MI0016770
MI0006423	MI0006375
MI0006423	MI0003668
MI0006423	MI0006412
MI0006423	MI0003598
MI0006423	MI0016752
MI0006423	MI0006424
MI0006423	MI0006400
MI0006423	MI0014244
MI0006423	MI0016794
MI0006423	MI0016833
MI0006423	MI0029321
MI0006423	MI0016595
MI0006423	MI0003586
MI0006423	MI0017871
MI0006423	MI0014141
MI0006423	MI0006420
MI0006423	MI0019286
MI0006423	MI0003577
MI0022210	MI0016815
MI0022210	MI0006414
MI0022210	MI0016793
MI0022210	MI0016813
MI0022210	MI0025747
MI0022210	MI0006413
MI0022210	MI0003671
MI0022210	MI0003593
MI0022210	MI0016904
MI0022210	MI0006395
MI0022210	MI0006344
MI0022210	MI0016762
MI0022210	MI0016780
MI0022210	MI0003596
MI0022210	MI0006422
MI0022210	MI0003630
MI0022210	MI0016814
MI0022210	MI0014168
MI0022210	MI0016688
MI0022210	MI0019131
MI0022210	MI0006377
MI0022210	MI0019137
MI0022210	MI0016796
MI0022210	MI0016689
MI0022210	MI0014164
MI0022210	MI0017875
MI0022210	MI0022212
MI0022210	MI0019283
MI0022210	MI0006354
MI0022210	MI0006399
MI0022210	MI0006378
MI0022210	MI0006421
MI0022210	MI0019130
MI0022210	MI0016746
MI0022210	MI0014222
MI0022210	MI0016751
MI0022210	MI0019132
MI0022210	MI0006361
MI0022210	MI0003616
MI0022210	MI0016770
MI0022210	MI0006375
MI0022210	MI0003668
MI0022210	MI0006412
MI0022210	MI0003598
MI0022210	MI0016752
MI0022210	MI0006424
MI0022210	MI0006400
MI0022210	MI0014244
MI0022210	MI0016794
MI0022210	MI0016833
MI0022210	MI0029321
MI0022210	MI0016595
MI0022210	MI0003586
MI0022210	MI0017871
MI0022210	MI0014141
MI0022210	MI0006420
MI0022210	MI0019286
MI0022210	MI0003577
MI0016815	MI0006414
MI0016815	MI0016793
MI0016815	MI0016813
MI0016815	MI0025747
MI0016815	MI0006413
MI0016815	MI0003671
MI0016815	MI0003593
MI0016815	MI0016904
MI0016815	MI0006395
MI0016815	MI0006344
MI0016815	MI0016762
MI0016815	MI0016780
MI0016815	MI0003596
MI0016815	MI0006422
MI0016815	MI0003630
MI0016815	MI0016814
MI0016815	MI0014168
MI0016815	MI0016688
MI0016815	MI0019131
MI0016815	MI0006377
MI0016815	MI0019137
MI0016815	MI0016796
MI0016815	MI0016689
MI0016815	MI0014164
MI0016815	MI0017875
MI0016815	MI0022212
MI0016815	MI0019283
MI0016815	MI0006354
MI0016815	MI0006399
MI0016815	MI0006378
MI0016815	MI0006421
MI0016815	MI0019130
MI0016815	MI0016746
MI0016815	MI0014222
MI0016815	MI0016751
MI0016815	MI0019132
MI0016815	MI0006361
MI0016815	MI0003616
MI0016815	MI0016770
MI0016815	MI0006375
MI0016815	MI0003668
MI0016815	MI0006412
MI0016815	MI0003598
MI0016815	MI0016752
MI0016815	MI0006424
MI0016815	MI0006400
MI0016815	MI0014244
MI0016815	MI0016794
MI0016815	MI0016833
MI0016815	MI0029321
MI0016815	MI0016595
MI0016815	MI0003586
MI0016815	MI0017871
MI0016815	MI0014141
MI0016815	MI0006420
MI0016815	MI0019286
MI0016815	MI0003577
MI0006414	MI0016793
MI0006414	MI0016813
MI0006414	MI0025747
MI0006414	MI0006413
MI0006414	MI0003671
MI0006414	MI0003593
MI0006414	MI0016904
MI0006414	MI0006395
MI0006414	MI0006344
MI0006414	MI0016762
MI0006414	MI0016780
MI0006414	MI0003596
MI0006414	MI0006422
MI0006414	MI0003630
MI0006414	MI0016814
MI0006414	MI0014168
MI0006414	MI0016688
MI0006414	MI0019131
MI0006414	MI0006377
MI0006414	MI0019137
MI0006414	MI0016796
MI0006414	MI0016689
MI0006414	MI0014164
MI0006414	MI0017875
MI0006414	MI0022212
MI0006414	MI0019283
MI0006414	MI0006354
MI0006414	MI0006399
MI0006414	MI0006378
MI0006414	MI0006421
MI0006414	MI0019130
MI0006414	MI0016746
MI0006414	MI0014222
MI0006414	MI0016751
MI0006414	MI0019132
MI0006414	MI0006361
MI0006414	MI0003616
MI0006414	MI0016770
MI0006414	MI0006375
MI0006414	MI0003668
MI0006414	MI0006412
MI0006414	MI0003598
MI0006414	MI0016752
MI0006414	MI0006424
MI0006414	MI0006400
MI0006414	MI0014244
MI0006414	MI0016794
MI0006414	MI0016833
MI0006414	MI0029321
MI0006414	MI0016595
MI0006414	MI0003586
MI0006414	MI0017871
MI0006414	MI0014141
MI0006414	MI0006420
MI0006414	MI0019286
MI0006414	MI0003577
MI0016793	MI0016813
MI0016793	MI0025747
MI0016793	MI0006413
MI0016793	MI0003671
MI0016793	MI0003593
MI0016793	MI0016904
MI0016793	MI0006395
MI0016793	MI0006344
MI0016793	MI0016762
MI0016793	MI0016780
MI0016793	MI0003596
MI0016793	MI0006422
MI0016793	MI0003630
MI0016793	MI0016814
MI0016793	MI0014168
MI0016793	MI0016688
MI0016793	MI0019131
MI0016793	MI0006377
MI0016793	MI0019137
MI0016793	MI0016796
MI0016793	MI0016689
MI0016793	MI0014164
MI0016793	MI0017875
MI0016793	MI0022212
MI0016793	MI0019283
MI0016793	MI0006354
MI0016793	MI0006399
MI0016793	MI0006378
MI0016793	MI0006421
MI0016793	MI0019130
MI0016793	MI0016746
MI0016793	MI0014222
MI0016793	MI0016751
MI0016793	MI0019132
MI0016793	MI0006361
MI0016793	MI0003616
MI0016793	MI0016770
MI0016793	MI0006375
MI0016793	MI0003668
MI0016793	MI0006412
MI0016793	MI0003598
MI0016793	MI0016752
MI0016793	MI0006424
MI0016793	MI0006400
MI0016793	MI0014244
MI0016793	MI0016794
MI0016793	MI0016833
MI0016793	MI0029321
MI0016793	MI0016595
MI0016793	MI0003586
MI0016793	MI0017871
MI0016793	MI0014141
MI0016793	MI0006420
MI0016793	MI0019286
MI0016793	MI0003577
MI0016813	MI0025747
MI0016813	MI0006413
MI0016813	MI0003671
MI0016813	MI0003593
MI0016813	MI0016904
MI0016813	MI0006395
MI0016813	MI0006344
MI0016813	MI0016762
MI0016813	MI0016780
MI0016813	MI0003596
MI0016813	MI0006422
MI0016813	MI0003630
MI0016813	MI0016814
MI0016813	MI0014168
MI0016813	MI0016688
MI0016813	MI0019131
MI0016813	MI0006377
MI0016813	MI0019137
MI0016813	MI0016796
MI0016813	MI0016689
MI0016813	MI0014164
MI0016813	MI0017875
MI0016813	MI0022212
MI0016813	MI0019283
MI0016813	MI0006354
MI0016813	MI0006399
MI0016813	MI0006378
MI0016813	MI0006421
MI0016813	MI0019130
MI0016813	MI0016746
MI0016813	MI0014222
MI0016813	MI0016751
MI0016813	MI0019132
MI0016813	MI0006361
MI0016813	MI0003616
MI0016813	MI0016770
MI0016813	MI0006375
MI0016813	MI0003668
MI0016813	MI0006412
MI0016813	MI0003598
MI0016813	MI0016752
MI0016813	MI0006424
MI0016813	MI0006400
MI0016813	MI0014244
MI0016813	MI0016794
MI0016813	MI0016833
MI0016813	MI0029321
MI0016813	MI0016595
MI0016813	MI0003586
MI0016813	MI0017871
MI0016813	MI0014141
MI0016813	MI0006420
MI0016813	MI0019286
MI0016813	MI0003577
MI0025747	MI0006413
MI0025747	MI0003671
MI0025747	MI0003593
MI0025747	MI0016904
MI0025747	MI0006395
MI0025747	MI0006344
MI0025747	MI0016762
MI0025747	MI0016780
MI0025747	MI0003596
MI0025747	MI0006422
MI0025747	MI0003630
MI0025747	MI0016814
MI0025747	MI0014168
MI0025747	MI0016688
MI0025747	MI0019131
MI0025747	MI0006377
MI0025747	MI0019137
MI0025747	MI0016796
MI0025747	MI0016689
MI0025747	MI0014164
MI0025747	MI0017875
MI0025747	MI0022212
MI0025747	MI0019283
MI0025747	MI0006354
MI0025747	MI0006399
MI0025747	MI0006378
MI0025747	MI0006421
MI0025747	MI0019130
MI0025747	MI0016746
MI0025747	MI0014222
MI0025747	MI0016751
MI0025747	MI0019132
MI0025747	MI0006361
MI0025747	MI0003616
MI0025747	MI0016770
MI0025747	MI0006375
MI0025747	MI0003668
MI0025747	MI0006412
MI0025747	MI0003598
MI0025747	MI0016752
MI0025747	MI0006424
MI0025747	MI0006400
MI0025747	MI0014244
MI0025747	MI0016794
MI0025747	MI0016833
MI0025747	MI0029321
MI0025747	MI0016595
MI0025747	MI0003586
MI0025747	MI0017871
MI0025747	MI0014141
MI0025747	MI0006420
MI0025747	MI0019286
MI0025747	MI0003577
MI0006413	MI0003671
MI0006413	MI0003593
MI0006413	MI0016904
MI0006413	MI0006395
MI0006413	MI0006344
MI0006413	MI0016762
MI0006413	MI0016780
MI0006413	MI0003596
MI0006413	MI0006422
MI0006413	MI0003630
MI0006413	MI0016814
MI0006413	MI0014168
MI0006413	MI0016688
MI0006413	MI0019131
MI0006413	MI0006377
MI0006413	MI0019137
MI0006413	MI0016796
MI0006413	MI0016689
MI0006413	MI0014164
MI0006413	MI0017875
MI0006413	MI0022212
MI0006413	MI0019283
MI0006413	MI0006354
MI0006413	MI0006399
MI0006413	MI0006378
MI0006413	MI0006421
MI0006413	MI0019130
MI0006413	MI0016746
MI0006413	MI0014222
MI0006413	MI0016751
MI0006413	MI0019132
MI0006413	MI0006361
MI0006413	MI0003616
MI0006413	MI0016770
MI0006413	MI0006375
MI0006413	MI0003668
MI0006413	MI0006412
MI0006413	MI0003598
MI0006413	MI0016752
MI0006413	MI0006424
MI0006413	MI0006400
MI0006413	MI0014244
MI0006413	MI0016794
MI0006413	MI0016833
MI0006413	MI0029321
MI0006413	MI0016595
MI0006413	MI0003586
MI0006413	MI0017871
MI0006413	MI0014141
MI0006413	MI0006420
MI0006413	MI0019286
MI0006413	MI0003577
MI0003671	MI0003593
MI0003671	MI0016904
MI0003671	MI0006395
MI0003671	MI0006344
MI0003671	MI0016762
MI0003671	MI0016780
MI0003671	MI0003596
MI0003671	MI0006422
MI0003671	MI0003630
MI0003671	MI0016814
MI0003671	MI0014168
MI0003671	MI0016688
MI0003671	MI0019131
MI0003671	MI0006377
MI0003671	MI0019137
MI0003671	MI0016796
MI0003671	MI0016689
MI0003671	MI0014164
MI0003671	MI0017875
MI0003671	MI0022212
MI0003671	MI0019283
MI0003671	MI0006354
MI0003671	MI0006399
MI0003671	MI0006378
MI0003671	MI0006421
MI0003671	MI0019130
MI0003671	MI0016746
MI0003671	MI0014222
MI0003671	MI0016751
MI0003671	MI0019132
MI0003671	MI0006361
MI0003671	MI0003616
MI0003671	MI0016770
MI0003671	MI0006375
MI0003671	MI0003668
MI0003671	MI0006412
MI0003671	MI0003598
MI0003671	MI0016752
MI0003671	MI0006424
MI0003671	MI0006400
MI0003671	MI0014244
MI0003671	MI0016794
MI0003671	MI0016833
MI0003671	MI0029321
MI0003671	MI0016595
MI0003671	MI0003586
MI0003671	MI0017871
MI0003671	MI0014141
MI0003671	MI0006420
MI0003671	MI0019286
MI0003671	MI0003577
MI0003593	MI0016904
MI0003593	MI0006395
MI0003593	MI0006344
MI0003593	MI0016762
MI0003593	MI0016780
MI0003593	MI0003596
MI0003593	MI0006422
MI0003593	MI0003630
MI0003593	MI0016814
MI0003593	MI0014168
MI0003593	MI0016688
MI0003593	MI0019131
MI0003593	MI0006377
MI0003593	MI0019137
MI0003593	MI0016796
MI0003593	MI0016689
MI0003593	MI0014164
MI0003593	MI0017875
MI0003593	MI0022212
MI0003593	MI0019283
MI0003593	MI0006354
MI0003593	MI0006399
MI0003593	MI0006378
MI0003593	MI0006421
MI0003593	MI0019130
MI0003593	MI0016746
MI0003593	MI0014222
MI0003593	MI0016751
MI0003593	MI0019132
MI0003593	MI0006361
MI0003593	MI0003616
MI0003593	MI0016770
MI0003593	MI0006375
MI0003593	MI0003668
MI0003593	MI0006412
MI0003593	MI0003598
MI0003593	MI0016752
MI0003593	MI0006424
MI0003593	MI0006400
MI0003593	MI0014244
MI0003593	MI0016794
MI0003593	MI0016833
MI0003593	MI0029321
MI0003593	MI0016595
MI0003593	MI0003586
MI0003593	MI0017871
MI0003593	MI0014141
MI0003593	MI0006420
MI0003593	MI0019286
MI0003593	MI0003577
MI0016904	MI0006395
MI0016904	MI0006344
MI0016904	MI0016762
MI0016904	MI0016780
MI0016904	MI0003596
MI0016904	MI0006422
MI0016904	MI0003630
MI0016904	MI0016814
MI0016904	MI0014168
MI0016904	MI0016688
MI0016904	MI0019131
MI0016904	MI0006377
MI0016904	MI0019137
MI0016904	MI0016796
MI0016904	MI0016689
MI0016904	MI0014164
MI0016904	MI0017875
MI0016904	MI0022212
MI0016904	MI0019283
MI0016904	MI0006354
MI0016904	MI0006399
MI0016904	MI0006378
MI0016904	MI0006421
MI0016904	MI0019130
MI0016904	MI0016746
MI0016904	MI0014222
MI0016904	MI0016751
MI0016904	MI0019132
MI0016904	MI0006361
MI0016904	MI0003616
MI0016904	MI0016770
MI0016904	MI0006375
MI0016904	MI0003668
MI0016904	MI0006412
MI0016904	MI0003598
MI0016904	MI0016752
MI0016904	MI0006424
MI0016904	MI0006400
MI0016904	MI0014244
MI0016904	MI0016794
MI0016904	MI0016833
MI0016904	MI0029321
MI0016904	MI0016595
MI0016904	MI0003586
MI0016904	MI0017871
MI0016904	MI0014141
MI0016904	MI0006420
MI0016904	MI0019286
MI0016904	MI0003577
MI0006395	MI0006344
MI0006395	MI0016762
MI0006395	MI0016780
MI0006395	MI0003596
MI0006395	MI0006422
MI0006395	MI0003630
MI0006395	MI0016814
MI0006395	MI0014168
MI0006395	MI0016688
MI0006395	MI0019131
MI0006395	MI0006377
MI0006395	MI0019137
MI0006395	MI0016796
MI0006395	MI0016689
MI0006395	MI0014164
MI0006395	MI0017875
MI0006395	MI0022212
MI0006395	MI0019283
MI0006395	MI0006354
MI0006395	MI0006399
MI0006395	MI0006378
MI0006395	MI0006421
MI0006395	MI0019130
MI0006395	MI0016746
MI0006395	MI0014222
MI0006395	MI0016751
MI0006395	MI0019132
MI0006395	MI0006361
MI0006395	MI0003616
MI0006395	MI0016770
MI0006395	MI0006375
MI0006395	MI0003668
MI0006395	MI0006412
MI0006395	MI0003598
MI0006395	MI0016752
MI0006395	MI0006424
MI0006395	MI0006400
MI0006395	MI0014244
MI0006395	MI0016794
MI0006395	MI0016833
MI0006395	MI0029321
MI0006395	MI0016595
MI0006395	MI0003586
MI0006395	MI0017871
MI0006395	MI0014141
MI0006395	MI0006420
MI0006395	MI0019286
MI0006395	MI0003577
MI0006344	MI0016762
MI0006344	MI0016780
MI0006344	MI0003596
MI0006344	MI0006422
MI0006344	MI0003630
MI0006344	MI0016814
MI0006344	MI0014168
MI0006344	MI0016688
MI0006344	MI0019131
MI0006344	MI0006377
MI0006344	MI0019137
MI0006344	MI0016796
MI0006344	MI0016689
MI0006344	MI0014164
MI0006344	MI0017875
MI0006344	MI0022212
MI0006344	MI0019283
MI0006344	MI0006354
MI0006344	MI0006399
MI0006344	MI0006378
MI0006344	MI0006421
MI0006344	MI0019130
MI0006344	MI0016746
MI0006344	MI0014222
MI0006344	MI0016751
MI0006344	MI0019132
MI0006344	MI0006361
MI0006344	MI0003616
MI0006344	MI0016770
MI0006344	MI0006375
MI0006344	MI0003668
MI0006344	MI0006412
MI0006344	MI0003598
MI0006344	MI0016752
MI0006344	MI0006424
MI0006344	MI0006400
MI0006344	MI0014244
MI0006344	MI0016794
MI0006344	MI0016833
MI0006344	MI0029321
MI0006344	MI0016595
MI0006344	MI0003586
MI0006344	MI0017871
MI0006344	MI0014141
MI0006344	MI0006420
MI0006344	MI0019286
MI0006344	MI0003577
MI0016762	MI0016780
MI0016762	MI0003596
MI0016762	MI0006422
MI0016762	MI0003630
MI0016762	MI0016814
MI0016762	MI0014168
MI0016762	MI0016688
MI0016762	MI0019131
MI0016762	MI0006377
MI0016762	MI0019137
MI0016762	MI0016796
MI0016762	MI0016689
MI0016762	MI0014164
MI0016762	MI0017875
MI0016762	MI0022212
MI0016762	MI0019283
MI0016762	MI0006354
MI0016762	MI0006399
MI0016762	MI0006378
MI0016762	MI0006421
MI0016762	MI0019130
MI0016762	MI0016746
MI0016762	MI0014222
MI0016762	MI0016751
MI0016762	MI0019132
MI0016762	MI0006361
MI0016762	MI0003616
MI0016762	MI0016770
MI0016762	MI0006375
MI0016762	MI0003668
MI0016762	MI0006412
MI0016762	MI0003598
MI0016762	MI0016752
MI0016762	MI0006424
MI0016762	MI0006400
MI0016762	MI0014244
MI0016762	MI0016794
MI0016762	MI0016833
MI0016762	MI0029321
MI0016762	MI0016595
MI0016762	MI0003586
MI0016762	MI0017871
MI0016762	MI0014141
MI0016762	MI0006420
MI0016762	MI0019286
MI0016762	MI0003577
MI0016780	MI0003596
MI0016780	MI0006422
MI0016780	MI0003630
MI0016780	MI0016814
MI0016780	MI0014168
MI0016780	MI0016688
MI0016780	MI0019131
MI0016780	MI0006377
MI0016780	MI0019137
MI0016780	MI0016796
MI0016780	MI0016689
MI0016780	MI0014164
MI0016780	MI0017875
MI0016780	MI0022212
MI0016780	MI0019283
MI0016780	MI0006354
MI0016780	MI0006399
MI0016780	MI0006378
MI0016780	MI0006421
MI0016780	MI0019130
MI0016780	MI0016746
MI0016780	MI0014222
MI0016780	MI0016751
MI0016780	MI0019132
MI0016780	MI0006361
MI0016780	MI0003616
MI0016780	MI0016770
MI0016780	MI0006375
MI0016780	MI0003668
MI0016780	MI0006412
MI0016780	MI0003598
MI0016780	MI0016752
MI0016780	MI0006424
MI0016780	MI0006400
MI0016780	MI0014244
MI0016780	MI0016794
MI0016780	MI0016833
MI0016780	MI0029321
MI0016780	MI0016595
MI0016780	MI0003586
MI0016780	MI0017871
MI0016780	MI0014141
MI0016780	MI0006420
MI0016780	MI0019286
MI0016780	MI0003577
MI0003596	MI0006422
MI0003596	MI0003630
MI0003596	MI0016814
MI0003596	MI0014168
MI0003596	MI0016688
MI0003596	MI0019131
MI0003596	MI0006377
MI0003596	MI0019137
MI0003596	MI0016796
MI0003596	MI0016689
MI0003596	MI0014164
MI0003596	MI0017875
MI0003596	MI0022212
MI0003596	MI0019283
MI0003596	MI0006354
MI0003596	MI0006399
MI0003596	MI0006378
MI0003596	MI0006421
MI0003596	MI0019130
MI0003596	MI0016746
MI0003596	MI0014222
MI0003596	MI0016751
MI0003596	MI0019132
MI0003596	MI0006361
MI0003596	MI0003616
MI0003596	MI0016770
MI0003596	MI0006375
MI0003596	MI0003668
MI0003596	MI0006412
MI0003596	MI0003598
MI0003596	MI0016752
MI0003596	MI0006424
MI0003596	MI0006400
MI0003596	MI0014244
MI0003596	MI0016794
MI0003596	MI0016833
MI0003596	MI0029321
MI0003596	MI0016595
MI0003596	MI0003586
MI0003596	MI0017871
MI0003596	MI0014141
MI0003596	MI0006420
MI0003596	MI0019286
MI0003596	MI0003577
MI0006422	MI0003630
MI0006422	MI0016814
MI0006422	MI0014168
MI0006422	MI0016688
MI0006422	MI0019131
MI0006422	MI0006377
MI0006422	MI0019137
MI0006422	MI0016796
MI0006422	MI0016689
MI0006422	MI0014164
MI0006422	MI0017875
MI0006422	MI0022212
MI0006422	MI0019283
MI0006422	MI0006354
MI0006422	MI0006399
MI0006422	MI0006378
MI0006422	MI0006421
MI0006422	MI0019130
MI0006422	MI0016746
MI0006422	MI0014222
MI0006422	MI0016751
MI0006422	MI0019132
MI0006422	MI0006361
MI0006422	MI0003616
MI0006422	MI0016770
MI0006422	MI0006375
MI0006422	MI0003668
MI0006422	MI0006412
MI0006422	MI0003598
MI0006422	MI0016752
MI0006422	MI0006424
MI0006422	MI0006400
MI0006422	MI0014244
MI0006422	MI0016794
MI0006422	MI0016833
MI0006422	MI0029321
MI0006422	MI0016595
MI0006422	MI0003586
MI0006422	MI0017871
MI0006422	MI0014141
MI0006422	MI0006420
MI0006422	MI0019286
MI0006422	MI0003577
MI0003630	MI0016814
MI0003630	MI0014168
MI0003630	MI0016688
MI0003630	MI0019131
MI0003630	MI0006377
MI0003630	MI0019137
MI0003630	MI0016796
MI0003630	MI0016689
MI0003630	MI0014164
MI0003630	MI0017875
MI0003630	MI0022212
MI0003630	MI0019283
MI0003630	MI0006354
MI0003630	MI0006399
MI0003630	MI0006378
MI0003630	MI0006421
MI0003630	MI0019130
MI0003630	MI0016746
MI0003630	MI0014222
MI0003630	MI0016751
MI0003630	MI0019132
MI0003630	MI0006361
MI0003630	MI0003616
MI0003630	MI0016770
MI0003630	MI0006375
MI0003630	MI0003668
MI0003630	MI0006412
MI0003630	MI0003598
MI0003630	MI0016752
MI0003630	MI0006424
MI0003630	MI0006400
MI0003630	MI0014244
MI0003630	MI0016794
MI0003630	MI0016833
MI0003630	MI0029321
MI0003630	MI0016595
MI0003630	MI0003586
MI0003630	MI0017871
MI0003630	MI0014141
MI0003630	MI0006420
MI0003630	MI0019286
MI0003630	MI0003577
MI0016814	MI0014168
MI0016814	MI0016688
MI0016814	MI0019131
MI0016814	MI0006377
MI0016814	MI0019137
MI0016814	MI0016796
MI0016814	MI0016689
MI0016814	MI0014164
MI0016814	MI0017875
MI0016814	MI0022212
MI0016814	MI0019283
MI0016814	MI0006354
MI0016814	MI0006399
MI0016814	MI0006378
MI0016814	MI0006421
MI0016814	MI0019130
MI0016814	MI0016746
MI0016814	MI0014222
MI0016814	MI0016751
MI0016814	MI0019132
MI0016814	MI0006361
MI0016814	MI0003616
MI0016814	MI0016770
MI0016814	MI0006375
MI0016814	MI0003668
MI0016814	MI0006412
MI0016814	MI0003598
MI0016814	MI0016752
MI0016814	MI0006424
MI0016814	MI0006400
MI0016814	MI0014244
MI0016814	MI0016794
MI0016814	MI0016833
MI0016814	MI0029321
MI0016814	MI0016595
MI0016814	MI0003586
MI0016814	MI0017871
MI0016814	MI0014141
MI0016814	MI0006420
MI0016814	MI0019286
MI0016814	MI0003577
MI0014168	MI0016688
MI0014168	MI0019131
MI0014168	MI0006377
MI0014168	MI0019137
MI0014168	MI0016796
MI0014168	MI0016689
MI0014168	MI0014164
MI0014168	MI0017875
MI0014168	MI0022212
MI0014168	MI0019283
MI0014168	MI0006354
MI0014168	MI0006399
MI0014168	MI0006378
MI0014168	MI0006421
MI0014168	MI0019130
MI0014168	MI0016746
MI0014168	MI0014222
MI0014168	MI0016751
MI0014168	MI0019132
MI0014168	MI0006361
MI0014168	MI0003616
MI0014168	MI0016770
MI0014168	MI0006375
MI0014168	MI0003668
MI0014168	MI0006412
MI0014168	MI0003598
MI0014168	MI0016752
MI0014168	MI0006424
MI0014168	MI0006400
MI0014168	MI0014244
MI0014168	MI0016794
MI0014168	MI0016833
MI0014168	MI0029321
MI0014168	MI0016595
MI0014168	MI0003586
MI0014168	MI0017871
MI0014168	MI0014141
MI0014168	MI0006420
MI0014168	MI0019286
MI0014168	MI0003577
MI0016688	MI0019131
MI0016688	MI0006377
MI0016688	MI0019137
MI0016688	MI0016796
MI0016688	MI0016689
MI0016688	MI0014164
MI0016688	MI0017875
MI0016688	MI0022212
MI0016688	MI0019283
MI0016688	MI0006354
MI0016688	MI0006399
MI0016688	MI0006378
MI0016688	MI0006421
MI0016688	MI0019130
MI0016688	MI0016746
MI0016688	MI0014222
MI0016688	MI0016751
MI0016688	MI0019132
MI0016688	MI0006361
MI0016688	MI0003616
MI0016688	MI0016770
MI0016688	MI0006375
MI0016688	MI0003668
MI0016688	MI0006412
MI0016688	MI0003598
MI0016688	MI0016752
MI0016688	MI0006424
MI0016688	MI0006400
MI0016688	MI0014244
MI0016688	MI0016794
MI0016688	MI0016833
MI0016688	MI0029321
MI0016688	MI0016595
MI0016688	MI0003586
MI0016688	MI0017871
MI0016688	MI0014141
MI0016688	MI0006420
MI0016688	MI0019286
MI0016688	MI0003577
MI0019131	MI0006377
MI0019131	MI0019137
MI0019131	MI0016796
MI0019131	MI0016689
MI0019131	MI0014164
MI0019131	MI0017875
MI0019131	MI0022212
MI0019131	MI0019283
MI0019131	MI0006354
MI0019131	MI0006399
MI0019131	MI0006378
MI0019131	MI0006421
MI0019131	MI0019130
MI0019131	MI0016746
MI0019131	MI0014222
MI0019131	MI0016751
MI0019131	MI0019132
MI0019131	MI0006361
MI0019131	MI0003616
MI0019131	MI0016770
MI0019131	MI0006375
MI0019131	MI0003668
MI0019131	MI0006412
MI0019131	MI0003598
MI0019131	MI0016752
MI0019131	MI0006424
MI0019131	MI0006400
MI0019131	MI0014244
MI0019131	MI0016794
MI0019131	MI0016833
MI0019131	MI0029321
MI0019131	MI0016595
MI0019131	MI0003586
MI0019131	MI0017871
MI0019131	MI0014141
MI0019131	MI0006420
MI0019131	MI0019286
MI0019131	MI0003577
MI0006377	MI0019137
MI0006377	MI0016796
MI0006377	MI0016689
MI0006377	MI0014164
MI0006377	MI0017875
MI0006377	MI0022212
MI0006377	MI0019283
MI0006377	MI0006354
MI0006377	MI0006399
MI0006377	MI0006378
MI0006377	MI0006421
MI0006377	MI0019130
MI0006377	MI0016746
MI0006377	MI0014222
MI0006377	MI0016751
MI0006377	MI0019132
MI0006377	MI0006361
MI0006377	MI0003616
MI0006377	MI0016770
MI0006377	MI0006375
MI0006377	MI0003668
MI0006377	MI0006412
MI0006377	MI0003598
MI0006377	MI0016752
MI0006377	MI0006424
MI0006377	MI0006400
MI0006377	MI0014244
MI0006377	MI0016794
MI0006377	MI0016833
MI0006377	MI0029321
MI0006377	MI0016595
MI0006377	MI0003586
MI0006377	MI0017871
MI0006377	MI0014141
MI0006377	MI0006420
MI0006377	MI0019286
MI0006377	MI0003577
MI0019137	MI0016796
MI0019137	MI0016689
MI0019137	MI0014164
MI0019137	MI0017875
MI0019137	MI0022212
MI0019137	MI0019283
MI0019137	MI0006354
MI0019137	MI0006399
MI0019137	MI0006378
MI0019137	MI0006421
MI0019137	MI0019130
MI0019137	MI0016746
MI0019137	MI0014222
MI0019137	MI0016751
MI0019137	MI0019132
MI0019137	MI0006361
MI0019137	MI0003616
MI0019137	MI0016770
MI0019137	MI0006375
MI0019137	MI0003668
MI0019137	MI0006412
MI0019137	MI0003598
MI0019137	MI0016752
MI0019137	MI0006424
MI0019137	MI0006400
MI0019137	MI0014244
MI0019137	MI0016794
MI0019137	MI0016833
MI0019137	MI0029321
MI0019137	MI0016595
MI0019137	MI0003586
MI0019137	MI0017871
MI0019137	MI0014141
MI0019137	MI0006420
MI0019137	MI0019286
MI0019137	MI0003577
MI0016796	MI0016689
MI0016796	MI0014164
MI0016796	MI0017875
MI0016796	MI0022212
MI0016796	MI0019283
MI0016796	MI0006354
MI0016796	MI0006399
MI0016796	MI0006378
MI0016796	MI0006421
MI0016796	MI0019130
MI0016796	MI0016746
MI0016796	MI0014222
MI0016796	MI0016751
MI0016796	MI0019132
MI0016796	MI0006361
MI0016796	MI0003616
MI0016796	MI0016770
MI0016796	MI0006375
MI0016796	MI0003668
MI0016796	MI0006412
MI0016796	MI0003598
MI0016796	MI0016752
MI0016796	MI0006424
MI0016796	MI0006400
MI0016796	MI0014244
MI0016796	MI0016794
MI0016796	MI0016833
MI0016796	MI0029321
MI0016796	MI0016595
MI0016796	MI0003586
MI0016796	MI0017871
MI0016796	MI0014141
MI0016796	MI0006420
MI0016796	MI0019286
MI0016796	MI0003577
MI0016689	MI0014164
MI0016689	MI0017875
MI0016689	MI0022212
MI0016689	MI0019283
MI0016689	MI0006354
MI0016689	MI0006399
MI0016689	MI0006378
MI0016689	MI0006421
MI0016689	MI0019130
MI0016689	MI0016746
MI0016689	MI0014222
MI0016689	MI0016751
MI0016689	MI0019132
MI0016689	MI0006361
MI0016689	MI0003616
MI0016689	MI0016770
MI0016689	MI0006375
MI0016689	MI0003668
MI0016689	MI0006412
MI0016689	MI0003598
MI0016689	MI0016752
MI0016689	MI0006424
MI0016689	MI0006400
MI0016689	MI0014244
MI0016689	MI0016794
MI0016689	MI0016833
MI0016689	MI0029321
MI0016689	MI0016595
MI0016689	MI0003586
MI0016689	MI0017871
MI0016689	MI0014141
MI0016689	MI0006420
MI0016689	MI0019286
MI0016689	MI0003577
MI0014164	MI0017875
MI0014164	MI0022212
MI0014164	MI0019283
MI0014164	MI0006354
MI0014164	MI0006399
MI0014164	MI0006378
MI0014164	MI0006421
MI0014164	MI0019130
MI0014164	MI0016746
MI0014164	MI0014222
MI0014164	MI0016751
MI0014164	MI0019132
MI0014164	MI0006361
MI0014164	MI0003616
MI0014164	MI0016770
MI0014164	MI0006375
MI0014164	MI0003668
MI0014164	MI0006412
MI0014164	MI0003598
MI0014164	MI0016752
MI0014164	MI0006424
MI0014164	MI0006400
MI0014164	MI0014244
MI0014164	MI0016794
MI0014164	MI0016833
MI0014164	MI0029321
MI0014164	MI0016595
MI0014164	MI0003586
MI0014164	MI0017871
MI0014164	MI0014141
MI0014164	MI0006420
MI0014164	MI0019286
MI0014164	MI0003577
MI0017875	MI0022212
MI0017875	MI0019283
MI0017875	MI0006354
MI0017875	MI0006399
MI0017875	MI0006378
MI0017875	MI0006421
MI0017875	MI0019130
MI0017875	MI0016746
MI0017875	MI0014222
MI0017875	MI0016751
MI0017875	MI0019132
MI0017875	MI0006361
MI0017875	MI0003616
MI0017875	MI0016770
MI0017875	MI0006375
MI0017875	MI0003668
MI0017875	MI0006412
MI0017875	MI0003598
MI0017875	MI0016752
MI0017875	MI0006424
MI0017875	MI0006400
MI0017875	MI0014244
MI0017875	MI0016794
MI0017875	MI0016833
MI0017875	MI0029321
MI0017875	MI0016595
MI0017875	MI0003586
MI0017875	MI0017871
MI0017875	MI0014141
MI0017875	MI0006420
MI0017875	MI0019286
MI0017875	MI0003577
MI0022212	MI0019283
MI0022212	MI0006354
MI0022212	MI0006399
MI0022212	MI0006378
MI0022212	MI0006421
MI0022212	MI0019130
MI0022212	MI0016746
MI0022212	MI0014222
MI0022212	MI0016751
MI0022212	MI0019132
MI0022212	MI0006361
MI0022212	MI0003616
MI0022212	MI0016770
MI0022212	MI0006375
MI0022212	MI0003668
MI0022212	MI0006412
MI0022212	MI0003598
MI0022212	MI0016752
MI0022212	MI0006424
MI0022212	MI0006400
MI0022212	MI0014244
MI0022212	MI0016794
MI0022212	MI0016833
MI0022212	MI0029321
MI0022212	MI0016595
MI0022212	MI0003586
MI0022212	MI0017871
MI0022212	MI0014141
MI0022212	MI0006420
MI0022212	MI0019286
MI0022212	MI0003577
MI0019283	MI0006354
MI0019283	MI0006399
MI0019283	MI0006378
MI0019283	MI0006421
MI0019283	MI0019130
MI0019283	MI0016746
MI0019283	MI0014222
MI0019283	MI0016751
MI0019283	MI0019132
MI0019283	MI0006361
MI0019283	MI0003616
MI0019283	MI0016770
MI0019283	MI0006375
MI0019283	MI0003668
MI0019283	MI0006412
MI0019283	MI0003598
MI0019283	MI0016752
MI0019283	MI0006424
MI0019283	MI0006400
MI0019283	MI0014244
MI0019283	MI0016794
MI0019283	MI0016833
MI0019283	MI0029321
MI0019283	MI0016595
MI0019283	MI0003586
MI0019283	MI0017871
MI0019283	MI0014141
MI0019283	MI0006420
MI0019283	MI0019286
MI0019283	MI0003577
MI0006354	MI0006399
MI0006354	MI0006378
MI0006354	MI0006421
MI0006354	MI0019130
MI0006354	MI0016746
MI0006354	MI0014222
MI0006354	MI0016751
MI0006354	MI0019132
MI0006354	MI0006361
MI0006354	MI0003616
MI0006354	MI0016770
MI0006354	MI0006375
MI0006354	MI0003668
MI0006354	MI0006412
MI0006354	MI0003598
MI0006354	MI0016752
MI0006354	MI0006424
MI0006354	MI0006400
MI0006354	MI0014244
MI0006354	MI0016794
MI0006354	MI0016833
MI0006354	MI0029321
MI0006354	MI0016595
MI0006354	MI0003586
MI0006354	MI0017871
MI0006354	MI0014141
MI0006354	MI0006420
MI0006354	MI0019286
MI0006354	MI0003577
MI0006399	MI0006378
MI0006399	MI0006421
MI0006399	MI0019130
MI0006399	MI0016746
MI0006399	MI0014222
MI0006399	MI0016751
MI0006399	MI0019132
MI0006399	MI0006361
MI0006399	MI0003616
MI0006399	MI0016770
MI0006399	MI0006375
MI0006399	MI0003668
MI0006399	MI0006412
MI0006399	MI0003598
MI0006399	MI0016752
MI0006399	MI0006424
MI0006399	MI0006400
MI0006399	MI0014244
MI0006399	MI0016794
MI0006399	MI0016833
MI0006399	MI0029321
MI0006399	MI0016595
MI0006399	MI0003586
MI0006399	MI0017871
MI0006399	MI0014141
MI0006399	MI0006420
MI0006399	MI0019286
MI0006399	MI0003577
MI0006378	MI0006421
MI0006378	MI0019130
MI0006378	MI0016746
MI0006378	MI0014222
MI0006378	MI0016751
MI0006378	MI0019132
MI0006378	MI0006361
MI0006378	MI0003616
MI0006378	MI0016770
MI0006378	MI0006375
MI0006378	MI0003668
MI0006378	MI0006412
MI0006378	MI0003598
MI0006378	MI0016752
MI0006378	MI0006424
MI0006378	MI0006400
MI0006378	MI0014244
MI0006378	MI0016794
MI0006378	MI0016833
MI0006378	MI0029321
MI0006378	MI0016595
MI0006378	MI0003586
MI0006378	MI0017871
MI0006378	MI0014141
MI0006378	MI0006420
MI0006378	MI0019286
MI0006378	MI0003577
MI0006421	MI0019130
MI0006421	MI0016746
MI0006421	MI0014222
MI0006421	MI0016751
MI0006421	MI0019132
MI0006421	MI0006361
MI0006421	MI0003616
MI0006421	MI0016770
MI0006421	MI0006375
MI0006421	MI0003668
MI0006421	MI0006412
MI0006421	MI0003598
MI0006421	MI0016752
MI0006421	MI0006424
MI0006421	MI0006400
MI0006421	MI0014244
MI0006421	MI0016794
MI0006421	MI0016833
MI0006421	MI0029321
MI0006421	MI0016595
MI0006421	MI0003586
MI0006421	MI0017871
MI0006421	MI0014141
MI0006421	MI0006420
MI0006421	MI0019286
MI0006421	MI0003577
MI0019130	MI0016746
MI0019130	MI0014222
MI0019130	MI0016751
MI0019130	MI0019132
MI0019130	MI0006361
MI0019130	MI0003616
MI0019130	MI0016770
MI0019130	MI0006375
MI0019130	MI0003668
MI0019130	MI0006412
MI0019130	MI0003598
MI0019130	MI0016752
MI0019130	MI0006424
MI0019130	MI0006400
MI0019130	MI0014244
MI0019130	MI0016794
MI0019130	MI0016833
MI0019130	MI0029321
MI0019130	MI0016595
MI0019130	MI0003586
MI0019130	MI0017871
MI0019130	MI0014141
MI0019130	MI0006420
MI0019130	MI0019286
MI0019130	MI0003577
MI0016746	MI0014222
MI0016746	MI0016751
MI0016746	MI0019132
MI0016746	MI0006361
MI0016746	MI0003616
MI0016746	MI0016770
MI0016746	MI0006375
MI0016746	MI0003668
MI0016746	MI0006412
MI0016746	MI0003598
MI0016746	MI0016752
MI0016746	MI0006424
MI0016746	MI0006400
MI0016746	MI0014244
MI0016746	MI0016794
MI0016746	MI0016833
MI0016746	MI0029321
MI0016746	MI0016595
MI0016746	MI0003586
MI0016746	MI0017871
MI0016746	MI0014141
MI0016746	MI0006420
MI0016746	MI0019286
MI0016746	MI0003577
MI0014222	MI0016751
MI0014222	MI0019132
MI0014222	MI0006361
MI0014222	MI0003616
MI0014222	MI0016770
MI0014222	MI0006375
MI0014222	MI0003668
MI0014222	MI0006412
MI0014222	MI0003598
MI0014222	MI0016752
MI0014222	MI0006424
MI0014222	MI0006400
MI0014222	MI0014244
MI0014222	MI0016794
MI0014222	MI0016833
MI0014222	MI0029321
MI0014222	MI0016595
MI0014222	MI0003586
MI0014222	MI0017871
MI0014222	MI0014141
MI0014222	MI0006420
MI0014222	MI0019286
MI0014222	MI0003577
MI0016751	MI0019132
MI0016751	MI0006361
MI0016751	MI0003616
MI0016751	MI0016770
MI0016751	MI0006375
MI0016751	MI0003668
MI0016751	MI0006412
MI0016751	MI0003598
MI0016751	MI0016752
MI0016751	MI0006424
MI0016751	MI0006400
MI0016751	MI0014244
MI0016751	MI0016794
MI0016751	MI0016833
MI0016751	MI0029321
MI0016751	MI0016595
MI0016751	MI0003586
MI0016751	MI0017871
MI0016751	MI0014141
MI0016751	MI0006420
MI0016751	MI0019286
MI0016751	MI0003577
MI0019132	MI0006361
MI0019132	MI0003616
MI0019132	MI0016770
MI0019132	MI0006375
MI0019132	MI0003668
MI0019132	MI0006412
MI0019132	MI0003598
MI0019132	MI0016752
MI0019132	MI0006424
MI0019132	MI0006400
MI0019132	MI0014244
MI0019132	MI0016794
MI0019132	MI0016833
MI0019132	MI0029321
MI0019132	MI0016595
MI0019132	MI0003586
MI0019132	MI0017871
MI0019132	MI0014141
MI0019132	MI0006420
MI0019132	MI0019286
MI0019132	MI0003577
MI0006361	MI0003616
MI0006361	MI0016770
MI0006361	MI0006375
MI0006361	MI0003668
MI0006361	MI0006412
MI0006361	MI0003598
MI0006361	MI0016752
MI0006361	MI0006424
MI0006361	MI0006400
MI0006361	MI0014244
MI0006361	MI0016794
MI0006361	MI0016833
MI0006361	MI0029321
MI0006361	MI0016595
MI0006361	MI0003586
MI0006361	MI0017871
MI0006361	MI0014141
MI0006361	MI0006420
MI0006361	MI0019286
MI0006361	MI0003577
MI0003616	MI0016770
MI0003616	MI0006375
MI0003616	MI0003668
MI0003616	MI0006412
MI0003616	MI0003598
MI0003616	MI0016752
MI0003616	MI0006424
MI0003616	MI0006400
MI0003616	MI0014244
MI0003616	MI0016794
MI0003616	MI0016833
MI0003616	MI0029321
MI0003616	MI0016595
MI0003616	MI0003586
MI0003616	MI0017871
MI0003616	MI0014141
MI0003616	MI0006420
MI0003616	MI0019286
MI0003616	MI0003577
MI0016770	MI0006375
MI0016770	MI0003668
MI0016770	MI0006412
MI0016770	MI0003598
MI0016770	MI0016752
MI0016770	MI0006424
MI0016770	MI0006400
MI0016770	MI0014244
MI0016770	MI0016794
MI0016770	MI0016833
MI0016770	MI0029321
MI0016770	MI0016595
MI0016770	MI0003586
MI0016770	MI0017871
MI0016770	MI0014141
MI0016770	MI0006420
MI0016770	MI0019286
MI0016770	MI0003577
MI0006375	MI0003668
MI0006375	MI0006412
MI0006375	MI0003598
MI0006375	MI0016752
MI0006375	MI0006424
MI0006375	MI0006400
MI0006375	MI0014244
MI0006375	MI0016794
MI0006375	MI0016833
MI0006375	MI0029321
MI0006375	MI0016595
MI0006375	MI0003586
MI0006375	MI0017871
MI0006375	MI0014141
MI0006375	MI0006420
MI0006375	MI0019286
MI0006375	MI0003577
MI0003668	MI0006412
MI0003668	MI0003598
MI0003668	MI0016752
MI0003668	MI0006424
MI0003668	MI0006400
MI0003668	MI0014244
MI0003668	MI0016794
MI0003668	MI0016833
MI0003668	MI0029321
MI0003668	MI0016595
MI0003668	MI0003586
MI0003668	MI0017871
MI0003668	MI0014141
MI0003668	MI0006420
MI0003668	MI0019286
MI0003668	MI0003577
MI0006412	MI0003598
MI0006412	MI0016752
MI0006412	MI0006424
MI0006412	MI0006400
MI0006412	MI0014244
MI0006412	MI0016794
MI0006412	MI0016833
MI0006412	MI0029321
MI0006412	MI0016595
MI0006412	MI0003586
MI0006412	MI0017871
MI0006412	MI0014141
MI0006412	MI0006420
MI0006412	MI0019286
MI0006412	MI0003577
MI0003598	MI0016752
MI0003598	MI0006424
MI0003598	MI0006400
MI0003598	MI0014244
MI0003598	MI0016794
MI0003598	MI0016833
MI0003598	MI0029321
MI0003598	MI0016595
MI0003598	MI0003586
MI0003598	MI0017871
MI0003598	MI0014141
MI0003598	MI0006420
MI0003598	MI0019286
MI0003598	MI0003577
MI0016752	MI0006424
MI0016752	MI0006400
MI0016752	MI0014244
MI0016752	MI0016794
MI0016752	MI0016833
MI0016752	MI0029321
MI0016752	MI0016595
MI0016752	MI0003586
MI0016752	MI0017871
MI0016752	MI0014141
MI0016752	MI0006420
MI0016752	MI0019286
MI0016752	MI0003577
MI0006424	MI0006400
MI0006424	MI0014244
MI0006424	MI0016794
MI0006424	MI0016833
MI0006424	MI0029321
MI0006424	MI0016595
MI0006424	MI0003586
MI0006424	MI0017871
MI0006424	MI0014141
MI0006424	MI0006420
MI0006424	MI0019286
MI0006424	MI0003577
MI0006400	MI0014244
MI0006400	MI0016794
MI0006400	MI0016833
MI0006400	MI0029321
MI0006400	MI0016595
MI0006400	MI0003586
MI0006400	MI0017871
MI0006400	MI0014141
MI0006400	MI0006420
MI0006400	MI0019286
MI0006400	MI0003577
MI0014244	MI0016794
MI0014244	MI0016833
MI0014244	MI0029321
MI0014244	MI0016595
MI0014244	MI0003586
MI0014244	MI0017871
MI0014244	MI0014141
MI0014244	MI0006420
MI0014244	MI0019286
MI0014244	MI0003577
MI0016794	MI0016833
MI0016794	MI0029321
MI0016794	MI0016595
MI0016794	MI0003586
MI0016794	MI0017871
MI0016794	MI0014141
MI0016794	MI0006420
MI0016794	MI0019286
MI0016794	MI0003577
MI0016833	MI0029321
MI0016833	MI0016595
MI0016833	MI0003586
MI0016833	MI0017871
MI0016833	MI0014141
MI0016833	MI0006420
MI0016833	MI0019286
MI0016833	MI0003577
MI0029321	MI0016595
MI0029321	MI0003586
MI0029321	MI0017871
MI0029321	MI0014141
MI0029321	MI0006420
MI0029321	MI0019286
MI0029321	MI0003577
MI0016595	MI0003586
MI0016595	MI0017871
MI0016595	MI0014141
MI0016595	MI0006420
MI0016595	MI0019286
MI0016595	MI0003577
MI0003586	MI0017871
MI0003586	MI0014141
MI0003586	MI0006420
MI0003586	MI0019286
MI0003586	MI0003577
MI0017871	MI0014141
MI0017871	MI0006420
MI0017871	MI0019286
MI0017871	MI0003577
MI0014141	MI0006420
MI0014141	MI0019286
MI0014141	MI0003577
MI0006420	MI0019286
MI0006420	MI0003577
MI0019286	MI0003577
MI0003601	MI0003600
MI0003601	MI0016687
MI0003601	MI0016686
MI0003601	MI0003762
MI0003600	MI0016687
MI0003600	MI0016686
MI0003600	MI0003762
MI0016687	MI0016686
MI0016687	MI0003762
MI0016686	MI0003762
MI0003575	MI0003556
MI0022560	MI0005537
MI0022560	MI0005528
MI0022560	MI0005538
MI0022560	MI0005533
MI0005537	MI0005528
MI0005537	MI0005538
MI0005537	MI0005533
MI0005528	MI0005538
MI0005528	MI0005533
MI0005538	MI0005533
MI0005763	MI0005764
MI0005763	MI0005765
MI0005763	MI0005766
MI0005763	MI0031520
MI0005764	MI0005765
MI0005764	MI0005766
MI0005764	MI0031520
MI0005765	MI0005766
MI0005765	MI0031520
MI0005766	MI0031520
MI0005534	MI0005524
MI0003515	MI0014159
MI0006368	MI0006367
MI0006368	MI0015978
MI0006368	MI0006366
MI0006368	MI0006362
MI0006368	MI0006369
MI0006368	MI0015979
MI0006368	MI0006365
MI0006368	MI0015980
MI0006368	MI0006364
MI0006368	MI0006363
MI0006367	MI0015978
MI0006367	MI0006366
MI0006367	MI0006362
MI0006367	MI0006369
MI0006367	MI0015979
MI0006367	MI0006365
MI0006367	MI0015980
MI0006367	MI0006364
MI0006367	MI0006363
MI0015978	MI0006366
MI0015978	MI0006362
MI0015978	MI0006369
MI0015978	MI0015979
MI0015978	MI0006365
MI0015978	MI0015980
MI0015978	MI0006364
MI0015978	MI0006363
MI0006366	MI0006362
MI0006366	MI0006369
MI0006366	MI0015979
MI0006366	MI0006365
MI0006366	MI0015980
MI0006366	MI0006364
MI0006366	MI0006363
MI0006362	MI0006369
MI0006362	MI0015979
MI0006362	MI0006365
MI0006362	MI0015980
MI0006362	MI0006364
MI0006362	MI0006363
MI0006369	MI0015979
MI0006369	MI0006365
MI0006369	MI0015980
MI0006369	MI0006364
MI0006369	MI0006363
MI0015979	MI0006365
MI0015979	MI0015980
MI0015979	MI0006364
MI0015979	MI0006363
MI0006365	MI0015980
MI0006365	MI0006364
MI0006365	MI0006363
MI0015980	MI0006364
MI0015980	MI0006363
MI0006364	MI0006363
MI0006336	MI0003672
MI0003657	MI0016685
MI0006389	MI0006435
MI0006389	MI0006436
MI0006435	MI0006436
MI0006346	MI0006347
MI0015974	MI0006379
MI0015974	MI0031511
MI0015974	MI0015975
MI0006379	MI0031511
MI0006379	MI0015975
MI0031511	MI0015975
MI0006323	MI0015973
MI0014254	MI0016059
MI0014254	MI0018003
MI0014254	MI0006409
MI0014254	MI0018002
MI0016059	MI0018003
MI0016059	MI0006409
MI0016059	MI0018002
MI0018003	MI0006409
MI0018003	MI0018002
MI0006409	MI0018002
MI0015972	MI0015971
MI0015972	MI0006277
MI0015971	MI0006277
MI0016747	MI0006388
MI0017431	MI0006380
MI0006351	MI0006350
MI0014148	MI0014147
MI0014252	MI0014253
MI0014242	MI0014184
MI0014242	MI0014230
MI0014184	MI0014230
MI0014214	MI0016408
MI0014214	MI0014215
MI0014214	MI0014217
MI0014214	MI0016409
MI0016408	MI0014215
MI0016408	MI0014217
MI0016408	MI0016409
MI0014215	MI0014217
MI0014215	MI0016409
MI0014217	MI0016409
MI0014221	MI0031510
MI0014221	MI0014213
MI0014221	MI0014216
MI0031510	MI0014213
MI0031510	MI0014216
MI0014213	MI0014216
MI0015892	MI0015982
MI0014134	MI0014135
MI0014128	MI0014129
MI0019316	MI0009982
MI0019316	MI0015977
MI0009982	MI0015977
MI0014247	MI0014248
MI0014189	MI0014190
MI0015844	MI0015983
MI0014187	MI0014186
MI0016426	MI0014177
MI0016434	MI0016437
MI0016418	MI0016417
MI0016832	MI0016835
MI0016832	MI0016411
MI0016832	MI0016836
MI0016832	MI0016090
MI0016832	MI0016837
MI0016832	MI0016834
MI0016835	MI0016411
MI0016835	MI0016836
MI0016835	MI0016090
MI0016835	MI0016837
MI0016835	MI0016834
MI0016411	MI0016836
MI0016411	MI0016090
MI0016411	MI0016837
MI0016411	MI0016834
MI0016836	MI0016090
MI0016836	MI0016837
MI0016836	MI0016834
MI0016090	MI0016837
MI0016090	MI0016834
MI0016837	MI0016834
MI0016431	MI0016414
MI0016419	MI0016421
MI0016013	MI0016014
MI0016875	MI0016873
MI0016875	MI0016874
MI0016873	MI0016874
MI0017420	MI0017419
MI0017335	MI0014246
MI0016809	MI0014156
MI0016775	MI0016777
MI0017311	MI0017310
MI0017277	MI0017278
MI0016776	MI0019110
MI0016776	MI0017425
MI0019110	MI0017425
MI0014183	MI0016839
MI0017290	MI0017293
MI0017416	MI0017415
MI0014235	MI0014236
MI0017291	MI0017287
MI0017413	MI0017412
MI0016089	MI0017447
MI0017358	MI0016886
MI0016830	MI0016829
MI0016787	MI0019111
MI0019149	MI0016906
MI0019308	MI0019593
MI0019114	MI0016891
MI0019113	MI0016081
MI0019112	MI0016071
MI0019112	MI0031514
MI0019112	MI0031513
MI0016071	MI0031514
MI0016071	MI0031513
MI0031514	MI0031513
MI0019281	MI0019293
MI0019298	MI0019297
MI0019298	MI0019289
MI0019298	MI0019288
MI0019297	MI0019289
MI0019297	MI0019288
MI0019289	MI0019288
MI0019139	MI0019140
MI0022223	MI0023564
MI0022223	MI0023565
MI0022223	MI0022552
MI0022223	MI0023431
MI0022223	MI0023566
MI0023564	MI0023565
MI0023564	MI0022552
MI0023564	MI0023431
MI0023564	MI0023566
MI0023565	MI0022552
MI0023565	MI0023431
MI0023565	MI0023566
MI0022552	MI0023431
MI0022552	MI0023566
MI0023431	MI0023566
MI0023563	MI0020366
MI0016758	MI0022211
MI0016091	MI0023561
MI0026419	MI0026418
MI0026419	MI0022615
MI0026418	MI0022615
MI0025749	MI0025748
MI0031521	MI0022705
MI0031521	MI0026421
MI0031521	MI0026420
MI0022705	MI0026421
MI0022705	MI0026420
MI0026421	MI0026420
MI0025907	MI0026417
MI0024976	MI0024975
MI0025511	MI0016773
MI0022709	MI0026415
MI0031517	MI0022559
MI0031517	MI0031516
MI0031517	MI0031518
MI0022559	MI0031516
MI0022559	MI0031518
MI0031516	MI0031518
MI0014131	MI0014133
MI0014131	MI0014132
MI0014133	MI0014132
MI0031512	MI0016048
MI0031519	MI0025905
MI0031515	MI0016088
